,stateDt,clearCnt,examCnt,careCnt,resutlNegCnt,accExamCnt,accExamCompCnt,accDefRate
1110,20200101,1.0,1.0,,,,,
1109,20200202,2.0,2.0,,,,,
1108,20200203,,,,,,,
1107,20200204,,,,,,,
1106,20200205,1.0,40.0,,,,,
1105,20200206,1.0,169.0,,,,,
1104,20200207,2.0,327.0,,,,,
1103,20200208,2.0,939.0,,,,,
1102,20200209,3.0,888.0,,,,,
1101,20200210,3.0,531.0,,,,,
1100,20200211,4.0,762.0,,,,,
1099,20200212,7.0,785.0,,,,,
1098,20200213,7.0,562.0,,,,,
1097,20200214,7.0,535.0,,,,,
1096,20200215,9.0,558.0,,,,,
1095,20200216,9.0,485.0,,,,,
1094,20200217,10.0,708.0,,,,,
1093,20200218,12.0,818.0,,,,,
1092,20200219,16.0,1149.0,,,,,
1091,20200220,16.0,1860.0,,,,,
1090,20200221,17.0,3180.0,,,,,
1089,20200222,18.0,6037.0,,,,,
1088,20200223,18.0,8057.0,,,,,
1087,20200224,22.0,11631.0,,,,,
1086,20200225,22.0,13880.0,,,,,
1085,20200226,24.0,20716.0,,,,,
1084,20200227,26.0,25568.0,,,,,
1083,20200228,27.0,30237.0,,,,,
1082,20200229,28.0,35182.0,,,,,
1081,20200301,30.0,33360.0,,,,,
1080,20200302,31.0,33799.0,4159.0,71580.0,109591.0,75792.0,5.5573147561
1079,20200303,34.0,35555.0,4750.0,85484.0,125851.0,90296.0,5.3291397182
1078,20200304,41.0,28414.0,5255.0,102965.0,136707.0,108293.0,4.9199855946
1077,20200305,88.0,21810.0,5643.0,118965.0,146541.0,124731.0,4.622748154
1076,20200306,108.0,21832.0,6134.0,136624.0,164740.0,142908.0,4.3972345844
1075,20200307,118.0,19620.0,6605.0,151802.0,178189.0,158569.0,4.2675428362
1074,20200308,130.0,19376.0,6954.0,162008.0,188518.0,169142.0,4.2177578602
1073,20200309,166.0,17458.0,7165.0,171778.0,196618.0,179160.0,4.1203393614
1072,20200310,247.0,18452.0,7212.0,184179.0,210144.0,191692.0,3.9193080566
1071,20200311,288.0,18540.0,7407.0,196100.0,222395.0,203855.0,3.8041745358
1070,20200312,333.0,17727.0,7470.0,209402.0,234998.0,217271.0,3.6217442732
1069,20200313,510.0,17940.0,7402.0,222728.0,248647.0,230707.0,3.4584993086
1068,20200314,714.0,17634.0,7300.0,235615.0,261335.0,243701.0,3.3180003364
1067,20200315,834.0,16272.0,7253.0,243778.0,268212.0,251940.0,3.2396602365
1066,20200316,1137.0,14971.0,7024.0,251297.0,274504.0,259533.0,3.1733922083
1065,20200317,1401.0,17291.0,6838.0,261105.0,286716.0,269425.0,3.088057901
1064,20200318,1540.0,16346.0,6789.0,270888.0,295647.0,279301.0,3.0121625056
1063,20200319,1947.0,15904.0,6527.0,282555.0,307024.0,291120.0,2.9420857378
1062,20200320,2233.0,15525.0,6325.0,292487.0,316664.0,301139.0,2.873091828
1061,20200321,2612.0,15704.0,6085.0,303006.0,327509.0,311805.0,2.8219560302
1060,20200322,2909.0,14540.0,5884.0,308343.0,331780.0,317240.0,2.8045013239
1059,20200323,3166.0,13628.0,5684.0,315447.0,338036.0,324408.0,2.7622623363
1058,20200324,3507.0,15440.0,5410.0,324105.0,348582.0,333142.0,2.7126570651
1057,20200325,3730.0,14278.0,5281.0,334481.0,357896.0,343618.0,2.6590574416
1056,20200326,4144.0,14369.0,4966.0,341332.0,364942.0,350573.0,2.6359702544
1055,20200327,4528.0,15219.0,4665.0,352410.0,376961.0,361742.0,2.5797391511
1054,20200328,4811.0,16564.0,4523.0,361883.0,387925.0,371361.0,2.5522335409
1053,20200329,5033.0,15028.0,4398.0,369530.0,394141.0,379113.0,2.5277423881
1052,20200330,5228.0,13531.0,4275.0,372002.0,395194.0,381663.0,2.5312906936
1051,20200331,5408.0,16892.0,4216.0,383886.0,410564.0,393672.0,2.4858257635
1050,20200401,5567.0,16585.0,4155.0,395075.0,421547.0,404962.0,2.4414636435
1049,20200402,5828.0,17885.0,3979.0,403882.0,431743.0,413858.0,2.4104886217
1048,20200403,6021.0,18908.0,3867.0,414303.0,443273.0,424365.0,2.3710720723
1047,20200404,6325.0,20144.0,3654.0,424732.0,455032.0,434888.0,2.3353139199
1046,20200405,6463.0,19571.0,3591.0,431425.0,461233.0,441662.0,2.317835811
1045,20200406,6598.0,19295.0,3500.0,437225.0,466804.0,447509.0,2.2980543408
1044,20200407,6694.0,20650.0,3445.0,446323.0,477304.0,456654.0,2.2623255243
1043,20200408,6776.0,17858.0,3408.0,457761.0,486003.0,468145.0,2.2181161819
1042,20200409,6973.0,15509.0,3246.0,468779.0,494711.0,479202.0,2.1750743945
1041,20200410,7117.0,15298.0,3125.0,477303.0,503051.0,487753.0,2.1424778525
1040,20200411,7243.0,14070.0,3026.0,485929.0,510479.0,496409.0,2.1111623681
1039,20200412,7368.0,13788.0,2930.0,490321.0,514621.0,500833.0,2.0989032272
1038,20200413,7447.0,13391.0,2873.0,494815.0,518743.0,505352.0,2.0850812898
1037,20200414,7534.0,14651.0,2808.0,502223.0,527438.0,512787.0,2.0601146284
1036,20200415,7616.0,15026.0,2750.0,508935.0,534552.0,519526.0,2.0385890215
1035,20200416,7757.0,14268.0,2627.0,513894.0,538775.0,524507.0,2.0234239009
1034,20200417,7829.0,14186.0,2576.0,521642.0,546463.0,532277.0,1.998019828
1033,20200418,7937.0,13550.0,2484.0,530631.0,554834.0,541284.0,1.9680980779
1032,20200419,8042.0,12243.0,2385.0,536205.0,559109.0,546866.0,1.9494720827
1031,20200420,8114.0,11981.0,2324.0,540380.0,563035.0,551054.0,1.9370152471
1030,20200421,8213.0,12721.0,2233.0,547610.0,571014.0,558293.0,1.9135113641
1029,20200422,8277.0,12121.0,2179.0,555144.0,577959.0,565838.0,1.8899402302
1028,20200423,8411.0,10139.0,2051.0,563130.0,583971.0,573832.0,1.8650057856
1027,20200424,8501.0,9600.0,1967.0,569212.0,589520.0,579920.0,1.8464615809
1026,20200425,8635.0,9259.0,1843.0,575184.0,595161.0,585902.0,1.8293161655
1025,20200426,8717.0,8999.0,1769.0,578558.0,598285.0,589286.0,1.8205082082
1024,20200427,8764.0,8895.0,1731.0,582027.0,601660.0,592765.0,1.8115104636
1023,20200428,8854.0,9203.0,1654.0,588559.0,608514.0,599311.0,1.7940601791
1022,20200429,8922.0,8307.0,1593.0,595129.0,614197.0,605890.0,1.7760649622
1021,20200430,9059.0,8634.0,1459.0,600482.0,619881.0,611247.0,1.7611538379
1020,20200501,9072.0,8685.0,1454.0,603610.0,623069.0,614384.0,1.7536263965
1019,20200502,9123.0,8496.0,1407.0,608286.0,627562.0,619066.0,1.7413329111
1018,20200503,9183.0,8588.0,1360.0,611592.0,630973.0,622385.0,1.7341356234
1017,20200504,9217.0,8176.0,1332.0,614944.0,633921.0,625745.0,1.7261024858
1016,20200505,9283.0,8858.0,1267.0,620575.0,640237.0,631379.0,1.7111750628
1015,20200506,9333.0,8009.0,1218.0,624280.0,643095.0,635086.0,1.7015018438
1014,20200507,9419.0,8429.0,1135.0,630149.0,649388.0,640959.0,1.6865353322
1013,20200508,9484.0,8867.0,1082.0,635174.0,654863.0,645996.0,1.6752425711
1012,20200509,9568.0,9153.0,1016.0,640037.0,660030.0,650877.0,1.6654452377
1011,20200510,9610.0,10128.0,1008.0,642884.0,663886.0,653758.0,1.6633066058
1010,20200511,9632.0,10922.0,1021.0,646661.0,668492.0,657570.0,1.6589868759
1009,20200512,9670.0,16330.0,1008.0,653624.0,680890.0,664560.0,1.6456000963
1008,20200513,9695.0,19579.0,1008.0,665379.0,695920.0,676341.0,1.6207800503
1007,20200514,9762.0,20722.0,969.0,679771.0,711484.0,690762.0,1.5911413772
1006,20200515,9821.0,19875.0,937.0,695854.0,726747.0,706872.0,1.5586980386
1005,20200516,9851.0,18343.0,924.0,711265.0,740645.0,722302.0,1.5280312113
1004,20200517,9888.0,17660.0,900.0,718943.0,747653.0,729993.0,1.5137131451
1003,20200518,9904.0,16093.0,898.0,726053.0,753211.0,737118.0,1.5011165105
1002,20200519,9938.0,16925.0,877.0,737571.0,765574.0,748649.0,1.4797321575
1001,20200520,10066.0,16351.0,781.0,748972.0,776433.0,760082.0,1.4616843972
1000,20200521,10135.0,18089.0,723.0,759473.0,788684.0,770595.0,1.4433003069
999,20200522,10162.0,20286.0,716.0,770990.0,802418.0,782132.0,1.42456772
998,20200523,10194.0,21569.0,705.0,781686.0,814420.0,792851.0,1.4082091086
997,20200524,10213.0,20333.0,711.0,788766.0,820289.0,799956.0,1.3988269354
996,20200525,10226.0,19089.0,713.0,796142.0,826437.0,807348.0,1.3880012088
995,20200526,10275.0,22044.0,681.0,806206.0,839475.0,817431.0,1.3732045885
994,20200527,10295.0,21061.0,701.0,820550.0,852876.0,831815.0,1.3542674753
993,20200528,10340.0,22370.0,735.0,834952.0,868666.0,846296.0,1.3404293533
992,20200529,10363.0,24557.0,770.0,849161.0,885120.0,860563.0,1.3249465756
991,20200530,10398.0,26298.0,774.0,865162.0,902901.0,876603.0,1.305151819
990,20200531,10405.0,23294.0,793.0,876060.0,910822.0,887528.0,1.2921282483
989,20200601,10422.0,24058.0,810.0,885830.0,921391.0,897333.0,1.2819098372
988,20200602,10446.0,28922.0,823.0,899388.0,939851.0,910929.0,1.2669483571
987,20200603,10467.0,27865.0,850.0,917397.0,956852.0,928987.0,1.2475954991
986,20200604,10499.0,28199.0,857.0,934030.0,973858.0,945659.0,1.2297244567
985,20200605,10506.0,28766.0,889.0,950526.0,990960.0,962194.0,1.2126452669
984,20200606,10531.0,27954.0,915.0,965632.0,1005305.0,977351.0,1.1990574522
983,20200607,10552.0,26481.0,951.0,974512.0,1012769.0,986288.0,1.1939717405
982,20200608,10563.0,24374.0,978.0,982026.0,1018214.0,993840.0,1.1887225307
981,20200609,10589.0,27459.0,989.0,996686.0,1035997.0,1008538.0,1.175166429
980,20200610,10611.0,26223.0,1015.0,1013847.0,1051972.0,1025749.0,1.160322847
979,20200611,10654.0,25494.0,1017.0,1029447.0,1066888.0,1041394.0,1.1472122942
978,20200612,10669.0,24244.0,1057.0,1045240.0,1081487.0,1057243.0,1.1353113711
977,20200613,10691.0,23352.0,1083.0,1059301.0,1094704.0,1071352.0,1.1248403885
976,20200614,10718.0,21356.0,1090.0,1066887.0,1100328.0,1078972.0,1.1200476008
975,20200615,10730.0,20793.0,1114.0,1072805.0,1105719.0,1084926.0,1.1172190545
974,20200616,10760.0,22632.0,1117.0,1084980.0,1119767.0,1097135.0,1.1078855382
973,20200617,10774.0,21489.0,1145.0,1099136.0,1132823.0,1111334.0,1.0975998214
972,20200618,10800.0,21714.0,1177.0,1111741.0,1145712.0,1123998.0,1.0904823674
971,20200619,10835.0,21190.0,1191.0,1124567.0,1158063.0,1136873.0,1.0824428058
970,20200620,10856.0,21470.0,1237.0,1137058.0,1170901.0,1149431.0,1.07644565
969,20200621,10868.0,20071.0,1273.0,1143971.0,1176463.0,1156392.0,1.0741167355
968,20200622,10881.0,19403.0,1277.0,1150225.0,1182066.0,1162663.0,1.0697854838
967,20200623,10908.0,22278.0,1295.0,1161250.0,1196012.0,1173734.0,1.0636140726
966,20200624,10930.0,20245.0,1324.0,1175817.0,1208597.0,1188352.0,1.0548221402
965,20200625,10974.0,18900.0,1307.0,1189015.0,1220478.0,1201578.0,1.0455417792
964,20200626,11172.0,18828.0,1148.0,1200885.0,1232315.0,1213487.0,1.0384948499
963,20200627,11317.0,19866.0,1054.0,1211261.0,1243780.0,1223914.0,1.0338144673
962,20200628,11364.0,19005.0,1069.0,1219975.0,1251695.0,1232690.0,1.0314839902
961,20200629,11429.0,18499.0,1046.0,1228698.0,1259954.0,1241455.0,1.0275845681
960,20200630,11537.0,20809.0,981.0,1240157.0,1273766.0,1252957.0,1.0215833424
959,20200701,11613.0,19526.0,955.0,1252855.0,1285231.0,1265705.0,1.0152444684
958,20200702,11684.0,19782.0,938.0,1263276.0,1295962.0,1276180.0,1.0111426287
957,20200703,11759.0,21560.0,926.0,1273234.0,1307761.0,1286201.0,1.0081627988
956,20200704,11811.0,22321.0,936.0,1284172.0,1319523.0,1297202.0,1.0044696199
955,20200705,11832.0,21649.0,976.0,1291315.0,1326055.0,1304406.0,1.0035985728
954,20200706,11848.0,21292.0,1005.0,1297367.0,1331796.0,1310504.0,1.0024387563
953,20200707,11914.0,23675.0,982.0,1309338.0,1346194.0,1322519.0,0.9966586491
952,20200708,11970.0,24012.0,989.0,1322479.0,1359735.0,1335723.0,0.991522943
951,20200709,12019.0,23912.0,987.0,1334566.0,1371771.0,1347859.0,0.9862307555
950,20200710,12065.0,23527.0,985.0,1348025.0,1384890.0,1361363.0,0.9797533795
949,20200711,12144.0,22950.0,941.0,1360618.0,1396941.0,1373991.0,0.9732960405
948,20200712,12178.0,21830.0,950.0,1366897.0,1402144.0,1380314.0,0.9720252058
947,20200713,12204.0,21845.0,986.0,1372988.0,1408312.0,1386467.0,0.9721832542
946,20200714,12282.0,24289.0,941.0,1382815.0,1420616.0,1396327.0,0.967681639
945,20200715,12348.0,23297.0,914.0,1394468.0,1431316.0,1408019.0,0.9624159901
944,20200716,12396.0,23404.0,925.0,1404332.0,1441348.0,1417944.0,0.9599814943
943,20200717,12460.0,23110.0,919.0,1414235.0,1451017.0,1427907.0,0.9574853264
942,20200718,12519.0,22923.0,898.0,1423570.0,1460204.0,1437281.0,0.9539540284
941,20200719,12556.0,21953.0,894.0,1429601.0,1465299.0,1443346.0,0.9523011114
940,20200720,12572.0,21302.0,903.0,1435120.0,1470193.0,1448891.0,0.9504510691
939,20200721,12643.0,23864.0,877.0,1444710.0,1482390.0,1458526.0,0.9472577108
938,20200722,12698.0,21751.0,884.0,1456441.0,1492071.0,1470320.0,0.9439441754
937,20200723,12758.0,21418.0,883.0,1465498.0,1500854.0,1479436.0,0.9421157792
936,20200724,12817.0,20559.0,864.0,1475789.0,1510327.0,1489768.0,0.9383340224
935,20200725,12866.0,19681.0,928.0,1484861.0,1518634.0,1498953.0,0.9401228724
934,20200726,12890.0,19214.0,962.0,1489562.0,1522926.0,1503712.0,0.9410046604
933,20200727,12905.0,18770.0,971.0,1494029.0,1526974.0,1508204.0,0.9398595945
932,20200728,13007.0,20444.0,896.0,1503057.0,1537704.0,1517260.0,0.9360953297
931,20200729,13069.0,19326.0,882.0,1513730.0,1547307.0,1527981.0,0.9326686653
930,20200730,13132.0,19018.0,837.0,1522928.0,1556215.0,1537197.0,0.9282479734
929,20200731,13183.0,18330.0,821.0,1531161.0,1563796.0,1545466.0,0.9256107866
928,20200801,13233.0,18278.0,802.0,1539216.0,1571830.0,1553552.0,0.9227885516
927,20200802,13259.0,17768.0,806.0,1544112.0,1576246.0,1558478.0,0.9217967786
926,20200803,13280.0,17401.0,808.0,1547967.0,1579757.0,1562356.0,0.9209808775
925,20200804,13352.0,18724.0,770.0,1556633.0,1589780.0,1571056.0,0.9180449328
924,20200805,13406.0,18490.0,748.0,1565241.0,1598187.0,1579697.0,0.9151122018
923,20200806,13501.0,18031.0,696.0,1573957.0,1606487.0,1588456.0,0.9127731583
922,20200807,13543.0,17068.0,673.0,1582065.0,1613652.0,1596584.0,0.9093790242
921,20200808,13629.0,16105.0,629.0,1589847.0,1620514.0,1604409.0,0.9076239288
920,20200809,13642.0,16803.0,651.0,1593249.0,1624650.0,1607847.0,0.907922209
919,20200810,13658.0,16396.0,663.0,1597281.0,1628303.0,1611907.0,0.9073724476
918,20200811,13729.0,17489.0,626.0,1605695.0,1637844.0,1620355.0,0.9047400106
917,20200812,13786.0,17375.0,623.0,1614563.0,1646652.0,1629277.0,0.9030999639
916,20200813,13817.0,17798.0,648.0,1622330.0,1654898.0,1637100.0,0.9022051188
915,20200814,13863.0,20132.0,705.0,1630079.0,1665084.0,1644952.0,0.9041601213
914,20200815,13901.0,21618.0,833.0,1638639.0,1675296.0,1653678.0,0.9094273492
913,20200816,13910.0,22005.0,1103.0,1644464.0,1681787.0,1659782.0,0.9228922834
912,20200817,13917.0,22964.0,1293.0,1649991.0,1688470.0,1665506.0,0.9315487305
911,20200818,13934.0,25219.0,1521.0,1656062.0,1697042.0,1671823.0,0.9427433406
910,20200819,14006.0,31022.0,1746.0,1667984.0,1715064.0,1684042.0,0.9535391635
909,20200820,14063.0,34998.0,1976.0,1682739.0,1734083.0,1699085.0,0.9620472195
908,20200821,14120.0,38045.0,2241.0,1699408.0,1754123.0,1716078.0,0.9714010668
907,20200822,14169.0,42427.0,2524.0,1716371.0,1775800.0,1733373.0,0.9808621687
906,20200823,14200.0,47564.0,2890.0,1726223.0,1791186.0,1743622.0,0.997865363
905,20200824,14219.0,47995.0,3137.0,1738762.0,1804422.0,1756427.0,1.005734938
904,20200825,14286.0,50362.0,3349.0,1757530.0,1825837.0,1775475.0,1.0107154423
903,20200826,14368.0,52795.0,3585.0,1778446.0,1849506.0,1796711.0,1.0165797393
902,20200827,14461.0,52041.0,3932.0,1798832.0,1869579.0,1817538.0,1.0291944377
901,20200828,14551.0,50711.0,4210.0,1817929.0,1887717.0,1837006.0,1.0384832711
900,20200829,14765.0,54046.0,4314.0,1835883.0,1909329.0,1855283.0,1.0456625754
899,20200830,14903.0,58021.0,4473.0,1846450.0,1924170.0,1866149.0,1.0555963109
898,20200831,14973.0,57876.0,4650.0,1859866.0,1937689.0,1879813.0,1.0611161854
897,20200901,15198.0,56743.0,4660.0,1882155.0,1959080.0,1902337.0,1.0609056124
896,20200902,15356.0,56748.0,4767.0,1903098.0,1980295.0,1923547.0,1.0630881387
895,20200903,15529.0,55524.0,4786.0,1924384.0,2000552.0,1945028.0,1.0613728954
894,20200904,15783.0,52266.0,4728.0,1945798.0,2018906.0,1966640.0,1.0597770817
893,20200905,16009.0,52077.0,4668.0,1963958.0,2037045.0,1984968.0,1.0584553504
892,20200906,16146.0,49621.0,4697.0,1975137.0,2045935.0,1996314.0,1.0608050637
891,20200907,16297.0,47109.0,4663.0,1982892.0,2051297.0,2004188.0,1.062574968
890,20200908,16636.0,43370.0,4455.0,2001276.0,2066078.0,2022708.0,1.0595696462
889,20200909,17023.0,36533.0,4221.0,2024113.0,2082234.0,2045701.0,1.055286183
888,20200910,17360.0,33018.0,4037.0,2044830.0,2099591.0,2066573.0,1.0521283303
887,20200911,17616.0,29423.0,3953.0,2067869.0,2119211.0,2089788.0,1.0488623726
886,20200912,18029.0,27826.0,3671.0,2085576.0,2135457.0,2107631.0,1.0464355477
885,20200913,18226.0,27705.0,3592.0,2093389.0,2143270.0,2115565.0,1.0482306145
884,20200914,18489.0,27476.0,3433.0,2101241.0,2151002.0,2123526.0,1.049433819
883,20200915,18878.0,27310.0,3146.0,2114877.0,2164578.0,2137268.0,1.0476458731
882,20200916,19310.0,25842.0,2827.0,2130486.0,2178832.0,2152990.0,1.0452440559
881,20200917,19543.0,25508.0,2742.0,2143727.0,2191892.0,2166384.0,1.0458441347
880,20200918,19771.0,25403.0,2635.0,2158179.0,2206365.0,2180962.0,1.0446307638
879,20200919,19970.0,24705.0,2545.0,2171564.0,2219162.0,2194457.0,1.0432193476
878,20200920,20158.0,24274.0,2434.0,2179452.0,2226701.0,2202427.0,1.0431673785
877,20200921,20248.0,22536.0,2412.0,2186008.0,2231589.0,2209053.0,1.0432072023
876,20200922,20441.0,23222.0,2277.0,2198784.0,2245112.0,2221890.0,1.0399254688
875,20200923,20650.0,20527.0,2178.0,2213156.0,2256899.0,2236372.0,1.0381099387
874,20200924,20832.0,20782.0,2116.0,2224876.0,2268999.0,2248217.0,1.0382004939
873,20200925,20978.0,19575.0,2082.0,2237246.0,2280276.0,2260701.0,1.0375100466
872,20200926,21166.0,18508.0,1951.0,2248321.0,2290345.0,2271837.0,1.035109473
871,20200927,21248.0,18878.0,1962.0,2254028.0,2296517.0,2277639.0,1.0366436472
870,20200928,21292.0,18587.0,1963.0,2259055.0,2301303.0,2282716.0,1.0365284161
869,20200929,21470.0,20056.0,1822.0,2269289.0,2313044.0,2292988.0,1.0335422601
868,20200930,21590.0,20596.0,1809.0,2278591.0,2322999.0,2302403.0,1.0342238087
867,20201001,21666.0,20029.0,1808.0,2284517.0,2328435.0,2308406.0,1.0348699492
866,20201002,21733.0,19995.0,1803.0,2289830.0,2333777.0,2313782.0,1.0351882761
865,20201003,21787.0,21287.0,1820.0,2294545.0,2339859.0,2318572.0,1.0362844026
864,20201004,21845.0,22116.0,1825.0,2300138.0,2346345.0,2324229.0,1.036515765
863,20201005,21886.0,22447.0,1856.0,2305767.0,2352378.0,2329931.0,1.0371122578
862,20201006,22083.0,22737.0,1734.0,2318457.0,2365433.0,2342696.0,1.034662628
861,20201007,22334.0,22138.0,1594.0,2331582.0,2378073.0,2355935.0,1.0336872621
860,20201008,22463.0,20978.0,1532.0,2343444.0,2388844.0,2367866.0,1.0313928237
859,20201009,22569.0,20699.0,1479.0,2355058.0,2400233.0,2379534.0,1.0286047604
858,20201010,22624.0,18982.0,1494.0,2361154.0,2404684.0,2385702.0,1.0289633826
857,20201011,22693.0,19303.0,1481.0,2366574.0,2410483.0,2391180.0,1.0290316914
856,20201012,22729.0,19192.0,1541.0,2371715.0,2415610.0,2396418.0,1.0308301807
855,20201013,22863.0,20124.0,1508.0,2383842.0,2428771.0,2408647.0,1.0298312704
854,20201014,23030.0,18396.0,1421.0,2398169.0,2441454.0,2423058.0,1.027173101
853,20201015,23082.0,18262.0,1467.0,2407489.0,2450739.0,2432477.0,1.0272656226
852,20201016,23180.0,17355.0,1414.0,2417036.0,2459426.0,2442071.0,1.0251544693
851,20201017,23258.0,17318.0,1407.0,2426101.0,2468527.0,2451209.0,1.0243108604
850,20201018,23312.0,17781.0,1443.0,2431549.0,2474529.0,2456748.0,1.0257055261
849,20201019,23368.0,16763.0,1463.0,2437188.0,2479226.0,2462463.0,1.0264113613
848,20201020,23466.0,19379.0,1420.0,2446599.0,2491311.0,2471932.0,1.0248259256
847,20201021,23584.0,19493.0,1390.0,2458574.0,2503491.0,2483998.0,1.023511291
846,20201022,23647.0,19813.0,1443.0,2469969.0,2515325.0,2495512.0,1.0235574904
845,20201023,23717.0,20430.0,1526.0,2482493.0,2528621.0,2508191.0,1.0245631213
844,20201024,23834.0,21888.0,1484.0,2493016.0,2540679.0,2518791.0,1.0233084047
843,20201025,23869.0,21682.0,1510.0,2498628.0,2546146.0,2524464.0,1.0234251706
842,20201026,23905.0,20763.0,1593.0,2505546.0,2552264.0,2531501.0,1.0252810486
841,20201027,23981.0,23003.0,1602.0,2518541.0,2567587.0,2544584.0,1.0234678831
840,20201028,24073.0,22904.0,1612.0,2533910.0,2582960.0,2560056.0,1.0213057839
839,20201029,24168.0,26148.0,1641.0,2545559.0,2597978.0,2571830.0,1.0214905339
838,20201030,24227.0,26373.0,1695.0,2559473.0,2612231.0,2585858.0,1.020357653
837,20201031,24311.0,25678.0,1736.0,2572303.0,2624492.0,2598814.0,1.0201191774
836,20201101,24357.0,24838.0,1812.0,2579157.0,2630630.0,2605792.0,1.02214605
835,20201102,24395.0,25524.0,1869.0,2584394.0,2636650.0,2611126.0,1.0237728857
834,20201103,24510.0,25815.0,1825.0,2597237.0,2649859.0,2624044.0,1.0215911013
833,20201104,24616.0,24255.0,1835.0,2611080.0,2662260.0,2638005.0,1.020657656
832,20201105,24735.0,25062.0,1840.0,2621594.0,2673706.0,2648644.0,1.0212773026
831,20201106,24821.0,25629.0,1898.0,2633490.0,2686314.0,2660685.0,1.0221052097
830,20201107,24910.0,26217.0,1897.0,2643748.0,2697249.0,2671032.0,1.0214778407
829,20201108,24968.0,25648.0,1981.0,2649805.0,2702880.0,2677232.0,1.0244536147
828,20201109,25029.0,25802.0,2044.0,2655844.0,2709199.0,2683397.0,1.0267955132
827,20201110,25160.0,27855.0,2008.0,2668452.0,2723960.0,2696105.0,1.0256648016
826,20201111,25266.0,28688.0,2046.0,2680047.0,2736534.0,2707846.0,1.0266093418
825,20201112,25404.0,29284.0,2051.0,2692546.0,2749772.0,2720488.0,1.0270951388
824,20201113,25537.0,30119.0,2108.0,2703159.0,2761411.0,2731292.0,1.0300253506
823,20201114,25636.0,34692.0,2210.0,2714259.0,2777289.0,2742597.0,1.0332542477
822,20201115,25691.0,36378.0,2362.0,2721954.0,2786878.0,2750500.0,1.037847664
821,20201116,25759.0,38314.0,2516.0,2730608.0,2797691.0,2759377.0,1.0425904108
820,20201117,25860.0,41202.0,2644.0,2745555.0,2815755.0,2774553.0,1.0451413254
819,20201118,25973.0,42688.0,2842.0,2762363.0,2834362.0,2791674.0,1.0499435105
818,20201119,26098.0,45525.0,3058.0,2778664.0,2853843.0,2808318.0,1.0559345487
817,20201120,26263.0,48143.0,3253.0,2795283.0,2873443.0,2825300.0,1.0624358475
816,20201121,26365.0,51345.0,3535.0,2814998.0,2896746.0,2845401.0,1.0684961451
815,20201122,26466.0,54029.0,3762.0,2824128.0,2908890.0,2854861.0,1.0765147585
814,20201123,26539.0,56455.0,3956.0,2834676.0,2922135.0,2865680.0,1.0819072611
813,20201124,26722.0,57769.0,4121.0,2857277.0,2946399.0,2888630.0,1.0853934217
812,20201125,26825.0,55838.0,4397.0,2878832.0,2966405.0,2910567.0,1.0903373809
811,20201126,26950.0,55361.0,4853.0,2900367.0,2988046.0,2932685.0,1.1019935656
810,20201127,27103.0,56637.0,5268.0,2920053.0,3009577.0,2952940.0,1.1137036309
809,20201128,27349.0,58794.0,5504.0,2939835.0,3032004.0,2973210.0,1.1225241405
808,20201129,27542.0,62829.0,5759.0,2950318.0,3046971.0,2984142.0,1.1334581263
807,20201130,27625.0,63365.0,6050.0,2963606.0,3061172.0,2997807.0,1.1408673073
806,20201201,27885.0,64892.0,6241.0,2984453.0,3083997.0,3019105.0,1.1477573651
805,20201202,28065.0,65154.0,6572.0,3006653.0,3106970.0,3041816.0,1.1559870814
804,20201203,28352.0,65788.0,6822.0,3030395.0,3131886.0,3066098.0,1.1644441893
803,20201204,28611.0,64017.0,7185.0,3057061.0,3157410.0,3093393.0,1.1745032073
802,20201205,28917.0,66267.0,7458.0,3077314.0,3180496.0,3114229.0,1.1853656234
801,20201206,29128.0,67716.0,7873.0,3089605.0,3194867.0,3127151.0,1.2006455716
800,20201207,29301.0,68010.0,8311.0,3103205.0,3209376.0,3141366.0,1.214789999
799,20201208,29650.0,71274.0,8544.0,3111297.0,3221317.0,3150043.0,1.2300149553
798,20201209,30177.0,75080.0,8699.0,3138724.0,3253236.0,3178156.0,1.2407194612
797,20201210,30637.0,72764.0,8897.0,3165085.0,3277947.0,3205183.0,1.2510362122
796,20201211,31157.0,77688.0,9057.0,3192739.0,3311213.0,3233525.0,1.2613479097
795,20201212,31493.0,86742.0,9665.0,3221386.0,3349864.0,3263122.0,1.2790205208
794,20201213,31814.0,90129.0,10372.0,3241700.0,3374595.0,3284466.0,1.3020685858
793,20201214,32102.0,89247.0,10795.0,3264308.0,3397039.0,3307792.0,1.3145929369
792,20201215,32559.0,93473.0,11205.0,3303383.0,3441220.0,3347747.0,1.325189747
791,20201216,32947.0,94784.0,11883.0,3348543.0,3488769.0,3393985.0,1.3388980799
790,20201217,33610.0,99258.0,12209.0,3393129.0,3538840.0,3439582.0,1.3505420135
789,20201218,33982.0,110618.0,12888.0,3431662.0,3589795.0,3479177.0,1.3656965426
788,20201219,34334.0,126233.0,13577.0,3471444.0,3646247.0,3520014.0,1.3798240575
787,20201220,34722.0,139475.0,14269.0,3493954.0,3683094.0,3543619.0,1.4015332912
786,20201221,35155.0,146438.0,14738.0,3516832.0,3713861.0,3567423.0,1.4181385274
785,20201222,35928.0,151129.0,14810.0,3569843.0,3772432.0,3621303.0,1.421035467
784,20201223,36726.0,153109.0,15085.0,3620912.0,3826571.0,3673462.0,1.4305306547
783,20201224,37425.0,150533.0,15352.0,3678144.0,3882210.0,3731677.0,1.434556099
782,20201225,38048.0,156789.0,15949.0,3727798.0,3939357.0,3782568.0,1.4479581067
781,20201226,38532.0,157012.0,16577.0,3756501.0,3969415.0,3812403.0,1.4663192742
780,20201227,39040.0,166976.0,17024.0,3782564.0,4006412.0,3839436.0,1.4812592266
779,20201228,39268.0,169878.0,17593.0,3810749.0,4038307.0,3868429.0,1.4910445558
778,20201229,40703.0,170962.0,17163.0,3868494.0,4098181.0,3927219.0,1.4953329569
777,20201230,41435.0,171771.0,17459.0,3927978.0,4159522.0,3987751.0,1.4989150526
776,20201231,42271.0,170338.0,17569.0,3982802.0,4213880.0,4043542.0,1.5021483639
775,20210101,42953.0,176927.0,17899.0,4030622.0,4269318.0,4092391.0,1.5093621308
774,20210102,43578.0,179387.0,18073.0,4060819.0,4302799.0,4123412.0,1.5179904409
773,20210103,44507.0,186472.0,17775.0,4091122.0,4340838.0,4154366.0,1.5223502214
772,20210104,45240.0,190732.0,18043.0,4121612.0,4376608.0,4185876.0,1.5352580917
771,20210105,46172.0,193751.0,17800.0,4180631.0,4439361.0,4245610.0,1.530498562
770,20210106,46995.0,192082.0,17796.0,4246968.0,4504868.0,4312786.0,1.5261132826
769,20210107,47649.0,191762.0,17991.0,4311361.0,4569809.0,4378047.0,1.5231905916
768,20210108,48369.0,190452.0,17908.0,4372194.0,4630004.0,4439552.0,1.5172251614
767,20210109,49324.0,185923.0,17575.0,4435694.0,4689616.0,4503693.0,1.5098498054
766,20210110,50409.0,191454.0,17130.0,4463346.0,4723464.0,4532010.0,1.5150893312
765,20210111,52552.0,189763.0,15422.0,4492808.0,4751685.0,4561922.0,1.5150193273
764,20210112,53569.0,186770.0,14917.0,4557664.0,4814085.0,4627315.0,1.5052141468
763,20210113,54636.0,182914.0,14391.0,4619186.0,4872312.0,4689398.0,1.4972497535
762,20210114,55772.0,169742.0,13761.0,4684889.0,4925359.0,4755617.0,1.4872518119
761,20210115,56536.0,162323.0,13488.0,4744511.0,4978075.0,4815752.0,1.4793328227
760,20210116,57554.0,155639.0,13030.0,4804811.0,5032270.0,4876631.0,1.4727380439
759,20210117,58253.0,159385.0,12838.0,4829565.0,5061290.0,4901905.0,1.475752794
758,20210118,58723.0,158035.0,12742.0,4856456.0,5087220.0,4929185.0,1.4754771833
757,20210119,59468.0,154345.0,12364.0,4912866.0,5140326.0,4985981.0,1.4664115246
756,20210120,60180.0,148141.0,12038.0,4970470.0,5192129.0,5043988.0,1.4575371709
755,20210121,60846.0,141070.0,11756.0,5022620.0,5237608.0,5096538.0,1.4503570855
754,20210122,61415.0,133132.0,11519.0,5074830.0,5282224.0,5149092.0,1.4422348639
753,20210123,62044.0,136629.0,11311.0,5118386.0,5329707.0,5193078.0,1.4382992129
752,20210124,62530.0,135765.0,11205.0,5143500.0,5354349.0,5218584.0,1.4387810946
751,20210125,62956.0,134549.0,11205.0,5166016.0,5376086.0,5241537.0,1.4408178364
750,20210126,64793.0,138624.0,9711.0,5208269.0,5422768.0,5284144.0,1.4358995515
749,20210127,65478.0,138427.0,9573.0,5254391.0,5469247.0,5330820.0,1.4337193902
748,20210128,66016.0,139424.0,9524.0,5305839.0,5522189.0,5382765.0,1.42911682
747,20210129,66503.0,142753.0,9493.0,5349116.0,5569264.0,5426511.0,1.426238701
746,20210201,68309.0,149456.0,8774.0,5433878.0,5661842.0,5512386.0,1.4242108589
745,20210202,68775.0,154265.0,8634.0,5478304.0,5711413.0,5557148.0,1.4187853193
744,20210203,69299.0,138849.0,8571.0,5538554.0,5756714.0,5617865.0,1.4117640776
743,20210204,69704.0,120538.0,8610.0,5602795.0,5803095.0,5682557.0,1.4036286833
742,20210205,70117.0,107457.0,8555.0,5659590.0,5847178.0,5739721.0,1.3960783111
741,20210206,70505.0,97677.0,8555.0,5715152.0,5893353.0,5795676.0,1.3893806348
740,20210207,70865.0,90751.0,8560.0,5745328.0,5916975.0,5826224.0,1.3884807724
739,20210208,71218.0,84843.0,8493.0,5772169.0,5938197.0,5853354.0,1.3869825744
738,20210209,71676.0,82630.0,8329.0,5823289.0,5987406.0,5904776.0,1.3800184799
737,20210210,72226.0,80076.0,8218.0,5868017.0,6030023.0,5949947.0,1.3769870555
736,20210211,72638.0,81614.0,8300.0,5905960.0,6070008.0,5988394.0,1.3765627311
735,20210212,72936.0,80861.0,8394.0,5929671.0,6093369.0,6012508.0,1.3777445285
734,20210213,73227.0,70251.0,8458.0,5961887.0,6115337.0,6045086.0,1.3763079631
733,20210214,73559.0,78200.0,8444.0,5978361.0,6140086.0,6061886.0,1.3778715073
732,20210215,73794.0,80146.0,8548.0,5998845.0,6162860.0,6082714.0,1.3788088672
731,20210216,74551.0,76897.0,8240.0,6052268.0,6213490.0,6136593.0,1.3741338231
730,20210217,75360.0,72410.0,8048.0,6103211.0,6260567.0,6188157.0,1.3727188886
729,20210218,75896.0,70720.0,8127.0,6146927.0,6303214.0,6232494.0,1.3729174869
728,20210219,76513.0,71116.0,8065.0,6188748.0,6345992.0,6274876.0,1.3725848925
727,20210220,77083.0,76137.0,7940.0,6227918.0,6390631.0,6314494.0,1.3710678955
726,20210221,77516.0,73356.0,7919.0,6250992.0,6411340.0,6337984.0,1.3725500095
725,20210222,77887.0,72461.0,7875.0,6269359.0,6429144.0,6356683.0,1.373735327
724,20210223,78394.0,74065.0,7714.0,6310933.0,6472679.0,6398614.0,1.3703123832
723,20210224,79050.0,74988.0,7494.0,6347880.0,6510988.0,6436000.0,1.3691733996
722,20210225,79487.0,68672.0,7448.0,6394026.0,6551214.0,6482542.0,1.3654520094
721,20210226,79880.0,68942.0,7457.0,6432202.0,6590066.0,6521124.0,1.3635992813
720,20210227,80333.0,68989.0,7393.0,6468905.0,6627215.0,6558226.0,1.3619689226
719,20210228,80697.0,72889.0,7376.0,6486441.0,6649006.0,6576117.0,1.3636618691
718,20210301,81070.0,73745.0,7354.0,6501981.0,6665755.0,6592010.0,1.3657291175
717,20210302,81338.0,73432.0,7428.0,6518172.0,6681976.0,6608544.0,1.3675024332
716,20210303,81700.0,65867.0,7504.0,6559520.0,6716203.0,6650336.0,1.3655851373
715,20210304,82162.0,60089.0,7459.0,6600571.0,6751900.0,6691811.0,1.3634575154
714,20210305,82560.0,63707.0,7451.0,6633666.0,6789011.0,6725304.0,1.3625852452
713,20210306,82913.0,65171.0,7510.0,6664717.0,6821943.0,6756772.0,1.3624109264
712,20210307,83220.0,66396.0,7617.0,6684259.0,6843126.0,6776730.0,1.3645371735
711,20210308,83474.0,67394.0,7701.0,6701598.0,6861809.0,6794415.0,1.3660778742
710,20210309,83900.0,70501.0,7718.0,6739220.0,6902984.0,6832483.0,1.3649942487
709,20210310,84312.0,70278.0,7773.0,6774873.0,6938884.0,6868606.0,1.3646582727
708,20210311,84675.0,68248.0,7871.0,6814539.0,6976985.0,6908737.0,1.3634619468
707,20210312,85743.0,68738.0,7281.0,6849240.0,7012664.0,6943926.0,1.3635801994
706,20210313,86625.0,67874.0,6884.0,6883732.0,7046782.0,6978908.0,1.3637663657
705,20210314,87408.0,69843.0,6558.0,6900923.0,7066401.0,6996558.0,1.3668864032
704,20210315,87754.0,71590.0,6588.0,6917333.0,7084940.0,7013350.0,1.3690604347
703,20210316,88255.0,78044.0,6447.0,6951653.0,7126077.0,7048033.0,1.3674737334
702,20210317,88814.0,83462.0,6349.0,6991199.0,7171510.0,7088048.0,1.3663705437
701,20210318,89178.0,89722.0,6428.0,7031071.0,7218087.0,7128365.0,1.3648852156
700,20210319,89523.0,88341.0,6544.0,7078843.0,7264941.0,7176600.0,1.3621631413
699,20210320,89949.0,93018.0,6567.0,7117723.0,7308950.0,7215932.0,1.3610022932
698,20210321,90328.0,98308.0,6641.0,7135741.0,7332714.0,7234406.0,1.3638300089
697,20210322,90611.0,103132.0,6767.0,7153757.0,7355964.0,7252832.0,1.3660181291
696,20210323,91079.0,100172.0,6638.0,7201397.0,7400990.0,7300818.0,1.3617789129
695,20210324,91560.0,94326.0,6579.0,7247038.0,7441210.0,7346884.0,1.3590251322
694,20210325,92068.0,86983.0,6499.0,7298600.0,7485859.0,7398876.0,1.3552869381
693,20210326,92630.0,77409.0,6424.0,7351224.0,7529403.0,7451994.0,1.3522555171
692,20210327,93475.0,75174.0,6079.0,7396119.0,7572568.0,7497394.0,1.3508026922
691,20210328,93855.0,78605.0,6180.0,7415234.0,7595596.0,7516991.0,1.353693253
690,20210329,94124.0,78938.0,6291.0,7435252.0,7616331.0,7537393.0,1.3551237145
689,20210330,94563.0,78424.0,6290.0,7482993.0,7663999.0,7585575.0,1.3523299156
688,20210331,95030.0,71302.0,6327.0,7533410.0,7707800.0,7636498.0,1.3499381522
687,20210401,95439.0,68659.0,6465.0,7575005.0,7747303.0,7678644.0,1.349704453
686,20210402,95861.0,70752.0,6596.0,7613349.0,7788295.0,7717543.0,1.3500928987
685,20210403,96196.0,75288.0,6800.0,7649577.0,7829601.0,7754313.0,1.3506805825
684,20210404,96589.0,79799.0,6946.0,7664398.0,7849476.0,7769677.0,1.3549984124
683,20210405,96900.0,80497.0,7104.0,7682571.0,7868820.0,7788323.0,1.3578276093
682,20210406,97363.0,79155.0,7115.0,7735905.0,7921290.0,7842135.0,1.3546056016
681,20210407,97928.0,74642.0,7214.0,7784627.0,7966167.0,7891525.0,1.3545924266
680,20210408,98360.0,77994.0,7480.0,7826829.0,8012421.0,7934427.0,1.3560903641
679,20210409,98786.0,81912.0,7719.0,7868932.0,8059113.0,7977201.0,1.357230437
678,20210410,99301.0,90014.0,7879.0,7907671.0,8106630.0,8016616.0,1.358989878
677,20210411,100109.0,91909.0,7682.0,7928064.0,8129532.0,8037623.0,1.3630771186
676,20210412,100804.0,95248.0,7572.0,7947389.0,8152783.0,8057535.0,1.3669937518
675,20210413,101332.0,85584.0,7581.0,8004247.0,8200519.0,8114935.0,1.3640035317
674,20210414,101983.0,74627.0,7654.0,8059342.0,8245388.0,8170761.0,1.3636306336
673,20210415,102513.0,70221.0,7816.0,8108788.0,8291126.0,8220905.0,1.3638036201
672,20210416,103062.0,70883.0,7937.0,8149660.0,8333332.0,8262449.0,1.3650795302
671,20210417,103594.0,71039.0,8056.0,8193296.0,8377779.0,8306740.0,1.3656861777
670,20210418,104006.0,72191.0,8312.0,8209761.0,8396067.0,8323876.0,1.3709358476
669,20210419,104474.0,70763.0,8371.0,8229412.0,8414821.0,8344058.0,1.3739837378
668,20210420,105227.0,66590.0,8166.0,8276807.0,8458592.0,8392002.0,1.3726760312
667,20210421,105877.0,67211.0,8243.0,8314457.0,8497594.0,8430383.0,1.3750976675
666,20210422,106459.0,67139.0,8394.0,8353705.0,8537505.0,8470366.0,1.3772840512
665,20210423,107071.0,69939.0,8576.0,8396133.0,8583530.0,8513591.0,1.3796528397
664,20210424,107781.0,78269.0,8650.0,8436411.0,8632923.0,8554654.0,1.3822066912
663,20210427,109695.0,76508.0,8383.0,8525203.0,8721609.0,8645101.0,1.3868895227
662,20210428,110248.0,77166.0,8604.0,8568659.0,8766498.0,8689332.0,1.3887488704
661,20210429,110787.0,80392.0,8739.0,8604036.0,8805779.0,8725387.0,1.3907807183
660,20210430,111422.0,82511.0,8757.0,8643774.0,8848292.0,8765781.0,1.3918554433
659,20210501,112337.0,85212.0,8466.0,8675542.0,8883388.0,8798176.0,1.3938570903
658,20210502,112865.0,86607.0,8542.0,8688387.0,8898234.0,8811627.0,1.3986066364
657,20210503,113356.0,89022.0,8538.0,8702576.0,8915326.0,8826304.0,1.4018098628
656,20210504,114128.0,78096.0,8301.0,8754790.0,8957155.0,8879059.0,1.3995739863
655,20210505,114944.0,78995.0,8154.0,8790129.0,8994069.0,8915074.0,1.4015026684
654,20210506,115491.0,77055.0,8177.0,8808418.0,9010992.0,8933937.0,1.4049684926
653,20210507,116022.0,78896.0,8162.0,8846414.0,9051354.0,8972458.0,1.4047878518
652,20210508,116881.0,78259.0,7999.0,8884162.0,9089166.0,9010907.0,1.4065731673
651,20210509,117423.0,81280.0,8012.0,8897182.0,9105771.0,9024491.0,1.410705601
650,20210510,117844.0,83398.0,8053.0,8910889.0,9122059.0,9038661.0,1.4136164637
649,20210511,118717.0,84628.0,7687.0,8951373.0,9164284.0,9079656.0,1.4128618969
648,20210512,119373.0,84279.0,7661.0,8988342.0,9201539.0,9117260.0,1.4139993813
647,20210513,119906.0,87517.0,7836.0,9024003.0,9241153.0,9153636.0,1.4161913364
646,20210514,120395.0,95208.0,8092.0,9055703.0,9281291.0,9186083.0,1.4193209445
645,20210515,121282.0,99216.0,7883.0,9088817.0,9319094.0,9219878.0,1.4215047097
644,20210516,121764.0,101663.0,8007.0,9103280.0,9336614.0,9234951.0,1.4257899148
643,20210517,122163.0,101804.0,8224.0,9119206.0,9353300.0,9251496.0,1.4299308998
642,20210518,122631.0,103413.0,8283.0,9158773.0,9395004.0,9291591.0,1.4294430308
641,20210519,123237.0,104494.0,8322.0,9190679.0,9428644.0,9324150.0,1.4314548779
640,20210520,123659.0,108873.0,8542.0,9204368.0,9447358.0,9338485.0,1.4361751397
639,20210521,124158.0,114144.0,8598.0,9238286.0,9487108.0,9372964.0,1.4368773847
638,20210522,125032.0,117558.0,8386.0,9268064.0,9520966.0,9403408.0,1.4393079615
637,20210523,125881.0,122235.0,8117.0,9278135.0,9536299.0,9414064.0,1.4438928819
636,20210524,126427.0,120704.0,8106.0,9296442.0,9553613.0,9432909.0,1.4467117195
635,20210525,126993.0,117098.0,8052.0,9338646.0,9592727.0,9475629.0,1.4456349019
634,20210526,127582.0,121069.0,8160.0,9370707.0,9629458.0,9508389.0,1.4480055454
633,20210527,128180.0,122659.0,8188.0,9404723.0,9665693.0,9543034.0,1.4493399059
632,20210528,128761.0,122872.0,8191.0,9440686.0,9702456.0,9579584.0,1.4499377008
631,20210529,129739.0,123790.0,7741.0,9470370.0,9733591.0,9609801.0,1.4509249463
630,20210530,130381.0,126493.0,7572.0,9481211.0,9747614.0,9621121.0,1.4541964496
629,20210531,130823.0,127953.0,7558.0,9492865.0,9761158.0,9633205.0,1.4568360166
628,20210601,131463.0,127612.0,7373.0,9529991.0,9798402.0,9670790.0,1.4559203539
627,20210602,132068.0,128917.0,7443.0,9563957.0,9834350.0,9705433.0,1.4576990021
626,20210603,132699.0,129822.0,7490.0,9600345.0,9872324.0,9742502.0,1.4591426309
625,20210604,133289.0,133844.0,7594.0,9634628.0,9911324.0,9777480.0,1.4610308586
624,20210605,133763.0,137164.0,7862.0,9665194.0,9945954.0,9808790.0,1.4639522306
623,20210606,134262.0,136465.0,7917.0,9679080.0,9959697.0,9823232.0,1.4674599968
622,20210607,134861.0,136526.0,7802.0,9691134.0,9972297.0,9835771.0,1.4705202062
621,20210608,135412.0,139260.0,7704.0,9724233.0,10008584.0,9869324.0,1.4701209525
620,20210609,136174.0,131424.0,7541.0,9767667.0,10044783.0,9913359.0,1.4696532224
619,20210610,136713.0,130327.0,7611.0,9800232.0,10076862.0,9946535.0,1.4708941354
618,20210611,137224.0,133753.0,7654.0,9830452.0,10111064.0,9977311.0,1.4719296612
617,20210612,138037.0,122200.0,7403.0,9870913.0,10140535.0,10018335.0,1.4715219644
616,20210613,138581.0,124517.0,7308.0,9880516.0,10152907.0,10028390.0,1.4745537419
615,20210614,139022.0,123424.0,7263.0,9893800.0,10165497.0,10042073.0,1.4765178464
614,20210615,139733.0,123664.0,6922.0,9924159.0,10196470.0,10072806.0,1.4757258305
613,20210616,140438.0,118764.0,6760.0,9961429.0,10229384.0,10110620.0,1.4755870559
612,20210617,141029.0,121319.0,6708.0,9986786.0,10257836.0,10136517.0,1.4771444668
611,20210618,141816.0,125837.0,6426.0,10017973.0,10294048.0,10168211.0,1.4775263809
610,20210619,142385.0,128721.0,6338.0,10043713.0,10323154.0,10194433.0,1.4784539758
609,20210620,142899.0,131062.0,6248.0,10053423.0,10335634.0,10204572.0,1.4811890199
608,20210621,143268.0,128433.0,6234.0,10066108.0,10346047.0,10217614.0,1.4827923622
607,20210622,143817.0,127127.0,6078.0,10101015.0,10380043.0,10252916.0,1.4815394956
606,20210623,144379.0,129791.0,6159.0,10127613.0,10409949.0,10280158.0,1.4838779715
605,20210624,144788.0,120971.0,6359.0,10164656.0,10438782.0,10317811.0,1.4843749318
604,20210625,145389.0,122188.0,6391.0,10190568.0,10466545.0,10344357.0,1.4866946297
603,20210626,145989.0,114573.0,6456.0,10226486.0,10495516.0,10380943.0,1.4878898766
602,20210627,146340.0,116376.0,6718.0,10237231.0,10508678.0,10392302.0,1.4921718017
601,20210628,146675.0,114843.0,6882.0,10250514.0,10520929.0,10406086.0,1.4950097471
600,20210629,147077.0,116858.0,7073.0,10282716.0,10555741.0,10438883.0,1.4960125523
599,20210630,147693.0,114110.0,7250.0,10308001.0,10579072.0,10464962.0,1.4998716669
598,20210701,148024.0,124925.0,7678.0,10331669.0,10614317.0,10489392.0,1.5036429184
597,20210702,148319.0,130666.0,8206.0,10352388.0,10641603.0,10510937.0,1.5084192779
596,20210703,149132.0,133909.0,8185.0,10377366.0,10670617.0,10536708.0,1.5122560101
595,20210704,149614.0,136297.0,8444.0,10388744.0,10685125.0,10548828.0,1.5175524712
594,20210705,150044.0,134893.0,8723.0,10404446.0,10700134.0,10565241.0,1.5219245826
593,20210706,150760.0,141699.0,8749.0,10432476.0,10735716.0,10594017.0,1.5248323652
592,20210707,151500.0,142748.0,9220.0,10461001.0,10766502.0,10623754.0,1.5319725965
591,20210708,151923.0,151158.0,10071.0,10487596.0,10802782.0,10651624.0,1.5399341921
590,20210709,152498.0,160468.0,10810.0,10518405.0,10844217.0,10683749.0,1.5476215324
589,20210710,153153.0,169719.0,11531.0,10545199.0,10881640.0,10711921.0,1.5564155112
588,20210712,154187.0,174671.0,12915.0,10576081.0,10919898.0,10745227.0,1.5741500854
587,20210713,154752.0,179130.0,13498.0,10614873.0,10964299.0,10785169.0,1.5789831387
586,20210714,155491.0,181905.0,14372.0,10655043.0,11008859.0,10826954.0,1.5878057669
585,20210715,156509.0,204479.0,14952.0,10682466.0,11060456.0,10855977.0,1.5982992594
584,20210716,157113.0,218192.0,15882.0,10715346.0,11108584.0,10890392.0,1.6073434271
583,20210717,157960.0,227636.0,16485.0,10745090.0,11149226.0,10921590.0,1.6160650601
582,20210718,158953.0,235438.0,16941.0,10762592.0,11175981.0,10940543.0,1.6265280434
581,20210719,159630.0,240689.0,17515.0,10782542.0,11202434.0,10961745.0,1.6348035828
580,20210720,160347.0,244671.0,18075.0,10826835.0,11251987.0,11007316.0,1.63964585
579,20210721,161634.0,252187.0,18571.0,10864225.0,11298677.0,11046490.0,1.6499811252
578,20210722,163073.0,269496.0,18967.0,10890319.0,11343918.0,11074422.0,1.6624163319
577,20210723,164206.0,278011.0,19461.0,10924561.0,11388305.0,11110294.0,1.6717199382
576,20210724,165246.0,274697.0,20048.0,10968466.0,11430525.0,11155828.0,1.6794988233
575,20210725,166375.0,274761.0,20400.0,10969738.0,11433347.0,11158586.0,1.6924008113
574,20210726,167365.0,281003.0,20724.0,11001177.0,11472346.0,11191343.0,1.6992241235
573,20210727,168629.0,309414.0,20823.0,11027664.0,11528609.0,11219195.0,1.7071723951
572,20210728,170494.0,323954.0,20850.0,11068234.0,11585615.0,11261661.0,1.7175707917
571,20210729,171559.0,342326.0,21455.0,11100081.0,11637506.0,11295180.0,1.7272765905
570,20210730,172757.0,357215.0,21960.0,11128947.0,11682968.0,11325753.0,1.7376857856
569,20210731,174177.0,369201.0,22073.0,11161275.0,11728821.0,11359620.0,1.746053125
568,20210801,175674.0,378600.0,22015.0,11173399.0,11751786.0,11373186.0,1.756649368
567,20210802,176605.0,387170.0,22298.0,11184433.0,11772605.0,11385435.0,1.765431009
566,20210803,177909.0,398300.0,22190.0,11219513.0,11820016.0,11421716.0,1.7703381873
565,20210804,179123.0,397889.0,22697.0,11262430.0,11864245.0,11466356.0,1.7784726028
564,20210805,180719.0,415489.0,22874.0,11287245.0,11908436.0,11492947.0,1.7898107421
563,20210806,182052.0,427050.0,23241.0,11317196.0,11951652.0,11524602.0,1.7996803707
562,20210807,183789.0,444937.0,23323.0,11341763.0,11995928.0,11550991.0,1.8113424207
561,20210808,185003.0,466279.0,23832.0,11350208.0,12027443.0,11561164.0,1.8246951604
560,20210809,186242.0,467508.0,24081.0,11377875.0,12057831.0,11590323.0,1.8329773898
559,20210810,187523.0,465922.0,24330.0,11432177.0,12112086.0,11646164.0,1.8374032857
558,20210811,189506.0,488067.0,24565.0,11451927.0,12156200.0,11668133.0,1.8529613949
557,20210812,190535.0,510096.0,25519.0,11478954.0,12207242.0,11697146.0,1.8653439052
556,20210813,192248.0,539535.0,25790.0,11498250.0,12257967.0,11718432.0,1.8789373868
555,20210814,193778.0,562705.0,26185.0,11524464.0,12309280.0,11746575.0,1.8908575478
554,20210815,195103.0,585131.0,26669.0,11535659.0,12344718.0,11759587.0,1.9042165341
553,20210816,196198.0,595225.0,27116.0,11552071.0,12372777.0,11777552.0,1.9144980213
552,20210817,197224.0,620680.0,27457.0,11557443.0,12404977.0,11784297.0,1.9250533145
551,20210818,199582.0,634727.0,26897.0,11598301.0,12461685.0,11826958.0,1.9333542911
550,20210819,201235.0,652740.0,27382.0,11635156.0,12518704.0,11865964.0,1.9451264136
549,20210820,202775.0,659590.0,27887.0,11674560.0,12567009.0,11907419.0,1.9555791225
548,20210821,204518.0,667998.0,28019.0,11729864.0,12632601.0,11964603.0,1.9619455823
547,20210822,206276.0,678447.0,27875.0,11749530.0,12664343.0,11985896.0,1.9720344645
546,20210823,207601.0,689243.0,27959.0,11767004.0,12694029.0,12004786.0,1.9807266868
545,20210824,209193.0,688192.0,27866.0,11822279.0,12749758.0,12061566.0,1.9838800368
544,20210825,211177.0,697586.0,28025.0,11867588.0,12806613.0,12109027.0,1.9938761388
543,20210826,212871.0,710599.0,28189.0,11912886.0,12866802.0,12156203.0,2.0015871732
542,20210827,214673.0,718479.0,28220.0,11964158.0,12927795.0,12209316.0,2.0079585129
541,20210828,216989.0,743177.0,27686.0,11993364.0,12983492.0,12240315.0,2.0175216078
540,20210829,218726.0,762594.0,27563.0,12004765.0,13015927.0,12253333.0,2.0285745927
539,20210830,220358.0,766807.0,27409.0,12032826.0,13049684.0,12282877.0,2.0357689814
538,20210831,221701.0,751241.0,27435.0,12092056.0,13094718.0,12343477.0,2.0368734028
537,20210901,224319.0,780979.0,26834.0,12117722.0,13152146.0,12371167.0,2.0486749552
536,20210902,226222.0,819939.0,26876.0,12148175.0,13223515.0,12403576.0,2.0590916684
535,20210903,228618.0,825198.0,26184.0,12204374.0,13286682.0,12461484.0,2.0632374121
534,20210904,230405.0,850535.0,26193.0,12240913.0,13350361.0,12499826.0,2.0713328329
533,20210905,232334.0,874694.0,25748.0,12247641.0,13382738.0,12508044.0,2.0818842658
532,20210906,233695.0,891318.0,25756.0,12263652.0,13416748.0,12525430.0,2.0899721606
531,20210907,235225.0,886983.0,25819.0,12318059.0,13468416.0,12581433.0,2.0933545487
530,20210908,237286.0,898494.0,25803.0,12355753.0,13519670.0,12621176.0,2.1029973752
529,20210909,238920.0,897924.0,26207.0,12403479.0,13568873.0,12670949.0,2.1108916151
528,20210910,240733.0,888674.0,26281.0,12457022.0,13615058.0,12726384.0,2.1165635108
527,20210911,242960.0,895077.0,25909.0,12499159.0,13665463.0,12770386.0,2.1238747207
526,20210913,245505.0,925739.0,26550.0,12535589.0,13735743.0,12810004.0,2.1421929298
525,20210914,247647.0,914400.0,25896.0,12599919.0,13790229.0,12875829.0,2.1428523165
524,20210917,254094.0,921233.0,25455.0,12735788.0,13938959.0,13017726.0,2.1658006936
523,20210918,256029.0,917857.0,25599.0,12784737.0,13986616.0,13068759.0,2.1732897515
522,20210919,257449.0,932234.0,26078.0,12802333.0,14020498.0,13088264.0,2.1846365568
521,20210920,259011.0,953532.0,26116.0,12809907.0,14050975.0,13097443.0,2.1953598118
520,20210921,260090.0,965875.0,26760.0,12826146.0,14081284.0,13115409.0,2.2055202395
519,20210922,261812.0,997996.0,26752.0,12823456.0,14112435.0,13114439.0,2.2187986844
518,20210923,262842.0,1034720.0,27430.0,12823650.0,14151069.0,13116349.0,2.2315584923
517,20210924,264492.0,1030500.0,28206.0,12896053.0,14221685.0,13191185.0,2.237342589
516,20210925,266414.0,1056223.0,29547.0,12930715.0,14285340.0,13229117.0,2.2556456337
515,20210926,268140.0,1096862.0,30582.0,12927904.0,14325938.0,13229076.0,2.2765913507
514,20210927,269132.0,1120111.0,31965.0,12942271.0,14365935.0,13245824.0,2.2916883087
513,20210928,270928.0,1135394.0,32450.0,12984337.0,14425573.0,13290179.0,2.3012632109
512,20210929,272724.0,1137617.0,33527.0,13038918.0,14485260.0,13347643.0,2.3129551786
511,20210930,274205.0,1149658.0,34603.0,13083311.0,14544258.0,13394600.0,2.3239887715
510,20211001,275576.0,1169025.0,35700.0,13113426.0,14596224.0,13427199.0,2.3368462774
509,20211002,277092.0,1179529.0,36424.0,13149148.0,14644697.0,13465168.0,2.346944353
508,20211003,278847.0,1202878.0,36751.0,13154144.0,14675127.0,13472249.0,2.3611870594
507,20211004,282669.0,1216193.0,34595.0,13165254.0,14701224.0,13485031.0,2.3713479042
506,20211005,284197.0,1228509.0,34631.0,13181779.0,14731640.0,13503131.0,2.3798332401
505,20211006,287040.0,1219801.0,33803.0,13237771.0,14780951.0,13561150.0,2.3845986512
504,20211007,288822.0,1239741.0,34438.0,13268433.0,14833978.0,13594237.0,2.3966332203
503,20211008,292091.0,1232857.0,33331.0,13321368.0,14882201.0,13649344.0,2.4028700573
502,20211011,298022.0,1255745.0,32211.0,13388858.0,14977419.0,13721674.0,2.4254766583
501,20211012,299260.0,1276809.0,32309.0,13396612.0,15007584.0,13730775.0,2.4336790894
500,20211013,302066.0,1285868.0,31071.0,13440810.0,15062420.0,13776552.0,2.4370539159
499,20211014,303719.0,1296534.0,31342.0,13472153.0,15106366.0,13809832.0,2.4452071538
498,20211015,305851.0,1309168.0,30884.0,13503997.0,15152526.0,13843358.0,2.4514355548
497,20211016,308187.0,1293233.0,30147.0,13563981.0,15198192.0,13904959.0,2.4522042819
496,20211017,310344.0,1312433.0,29392.0,13566039.0,15220868.0,13908435.0,2.4617866783
495,20211018,311781.0,1320566.0,28996.0,13582339.0,15246350.0,13925784.0,2.4662525284
494,20211019,313432.0,1323771.0,28397.0,13628545.0,15296834.0,13973063.0,2.4655868223
493,20211020,316607.0,1325132.0,26783.0,13673512.0,15344732.0,14019600.0,2.4686011013
492,20211021,317755.0,1334586.0,27065.0,13709892.0,15392007.0,14057421.0,2.4722102297
491,20211022,320317.0,1327170.0,25927.0,13761248.0,15437387.0,14110217.0,2.4731653666
490,20211023,322536.0,1339287.0,25195.0,13791710.0,15481473.0,14142186.0,2.4782307346
489,20211024,323393.0,1354359.0,25740.0,13798727.0,15504985.0,14150626.0,2.4868087107
488,20211025,324448.0,1368282.0,25868.0,13809107.0,15530478.0,14162196.0,2.49317973
487,20211027,329658.0,1387186.0,23850.0,13884820.0,15628311.0,14241125.0,2.5019441933
486,20211028,330853.0,1389130.0,24751.0,13930645.0,15678187.0,14289057.0,2.5082970835
485,20211029,332995.0,1358692.0,24724.0,14011558.0,15730786.0,14372094.0,2.5085836482
484,20211030,334581.0,1366434.0,25228.0,14046627.0,15775700.0,14409266.0,2.5167069578
483,20211031,336548.0,1386962.0,25303.0,14052403.0,15804065.0,14417103.0,2.529634421
482,20211101,337353.0,1424100.0,26175.0,14058818.0,15849304.0,14425204.0,2.5399016887
481,20211102,338947.0,1443843.0,26153.0,14093372.0,15905189.0,14461346.0,2.5445349277
480,20211103,340471.0,1451112.0,27277.0,14131777.0,15953529.0,14502417.0,2.5557119202
479,20211104,341888.0,1464968.0,28316.0,14163144.0,16001232.0,14536264.0,2.5668218463
478,20211105,343237.0,1475027.0,29291.0,14201178.0,16051669.0,14576642.0,2.5757921474
477,20211106,345566.0,1472186.0,29190.0,14249291.0,16099189.0,14627003.0,2.5822924901
476,20211107,346801.0,1497751.0,30167.0,14253188.0,16130874.0,14633123.0,2.5964040622
475,20211108,347799.0,1518345.0,30915.0,14260796.0,16160835.0,14642490.0,2.6067560913
474,20211109,350658.0,1520380.0,29751.0,14309086.0,16212873.0,14692493.0,2.6095435267
473,20211110,352940.0,1522819.0,29879.0,14353229.0,16261879.0,14739060.0,2.6177449579
472,20211111,355014.0,1552667.0,30304.0,14371757.0,16312775.0,14760108.0,2.6310850842
471,20211112,356615.0,1574579.0,31053.0,14395734.0,16361032.0,14786453.0,2.6424119428
470,20211115,362834.0,1635106.0,31517.0,14438402.0,16470974.0,14835868.0,2.6790882744
469,20211116,364499.0,1617465.0,31955.0,14508336.0,16525392.0,14907927.0,2.680392787
468,20211118,367578.0,1650778.0,35300.0,14574431.0,16631274.0,14980496.0,2.7106245347
467,20211119,368723.0,1662758.0,37161.0,14612313.0,16684170.0,15021412.0,2.7234390482
466,20211120,374383.0,1693576.0,34684.0,14634241.0,16740128.0,15046552.0,2.7402357696
465,20211121,375755.0,1730642.0,36396.0,14631615.0,16777682.0,15047040.0,2.7608419994
464,20211122,376706.0,1762205.0,38248.0,14636162.0,16816619.0,15054414.0,2.7782682208
463,20211123,378561.0,1779964.0,39061.0,14678045.0,16878959.0,15098995.0,2.7879338989
462,20211124,380376.0,1797218.0,41325.0,14717646.0,16939927.0,15142709.0,2.8070472727
461,20211125,381851.0,1832973.0,43750.0,14736764.0,16998739.0,15165766.0,2.8287525997
460,20211126,383551.0,1873162.0,45910.0,14749949.0,17056012.0,15182850.0,2.85124993
459,20211127,390141.0,1907370.0,43335.0,14771425.0,17115763.0,15208393.0,2.8732029741
458,20211128,392311.0,1941470.0,45037.0,14776181.0,17158547.0,15217077.0,2.8973764146
457,20211129,393617.0,1981428.0,47003.0,14774705.0,17200333.0,15218905.0,2.9187382403
456,20211130,396070.0,2007791.0,47536.0,14810244.0,17265265.0,15257474.0,2.931219152
455,20211202,400585.0,2071648.0,53322.0,14862174.0,17391434.0,15319786.0,2.987065224
454,20211205,,,,,17577570.0,,
453,20211207,,,,,17709512.0,,
452,20211208,,,,,17787657.0,,
451,20211209,,,,,17870821.0,,
450,20211210,,,,,17950721.0,,
449,20211213,,,,,18140572.0,,
448,20211214,,,,,18224740.0,,
447,20211215,,,,,18298675.0,,
446,20211216,,,,,18381569.0,,
445,20211217,,,,,18460563.0,,
444,20211218,,,,,18539009.0,,
443,20211219,,,,,18593165.0,,
442,20211220,,,,,18645857.0,,
441,20211221,,,,,18718803.0,,
440,20211222,,,,,18786344.0,,
439,20211223,,,,,18859285.0,,
438,20211224,,,,,18929158.0,,
437,20211225,,,,,18994820.0,,
436,20211226,,,,,19040194.0,,
435,20211227,,,,,19082135.0,,
434,20211228,,,,,19141481.0,,
433,20211229,,,,,19196738.0,,
432,20211230,,,,,19251165.0,,
431,20211231,,,,,19309072.0,,
430,20220101,,,,,19364122.0,,
429,20220102,,,,,19456900.0,,
428,20220103,,,,,19546883.0,,
427,20220104,,,,,19671880.0,,
426,20220105,,,,,19778824.0,,
425,20220106,,,,,19875047.0,,
424,20220107,,,,,19971712.0,,
423,20220110,,,,,20148476.0,,
422,20220111,,,,,20081639.0,,
421,20220112,,,,,20277357.0,,
420,20220113,,,,,20329715.0,,
419,20220114,,,,,20389154.0,,
418,20220115,,,,,20446099.0,,
417,20220116,,,,,20489023.0,,
416,20220117,,,,,20527722.0,,
415,20220118,,,,,20588481.0,,
414,20220119,,,,,20649522.0,,
413,20220120,,,,,20709568.0,,
412,20220121,,,,,20765930.0,,
411,20220122,,,,,20838500.0,,
410,20220123,,,,,20892539.0,,
409,20220124,,,,,20943638.0,,
408,20220125,,,,,21026346.0,,
407,20220126,,,,,21110639.0,,
406,20220127,,,,,21196354.0,,
405,20220128,,,,,21269304.0,,
404,20220129,,,,,21377393.0,,
403,20220130,,,,,21448119.0,,
402,20220131,,,,,21518073.0,,
401,20220201,,,,,21595841.0,,
400,20220202,,,,,21654236.0,,
399,20220203,,,,,21733998.0,,
398,20220204,,,,,21828007.0,,
397,20220208,,,,,22072870.0,,
396,20220210,,,,,,,
395,20220212,,,,,,,
394,20220213,,,,,,,
393,20220214,,,,,,,
392,20220215,,,,,,,
391,20220216,,,,,,,
390,20220217,,,,,,,
389,20220218,,,,,,,
388,20220219,,,,,,,
387,20220221,,,,,,,
386,20220222,,,,,,,
385,20220223,,,,,,,
384,20220224,,,,,,,
383,20220225,,,,,,,
382,20220226,,,,,,,
381,20220227,,,,,,,
380,20220228,,,,,,,
379,20220303,,,,,,,
378,20220304,,,,,,,
377,20220305,,,,,,,
376,20220306,,,,,,,
375,20220307,,,,,,,
374,20220308,,,,,,,
373,20220309,,,,,,,
372,20220310,,,,,,,
371,20220311,,,,,,,
370,20220312,,,,,,,
369,20220313,,,,,,,
368,20220314,,,,,,,
367,20220315,,,,,,,
366,20220316,,,,,,,
365,20220317,,,,,,,
364,20220318,,,,,,,
363,20220319,,,,,,,
362,20220320,,,,,,,
361,20220322,,,,,,,
360,20220323,,,,,,,
359,20220325,,,,,,,
358,20220328,,,,,,,
357,20220329,,,,,,,
356,20220330,,,,,,,
355,20220331,,,,,,,
354,20220401,,,,,,,
353,20220402,,,,,,,
352,20220403,,,,,,,
351,20220404,,,,,,,
350,20220405,,,,,,,
349,20220406,,,,,,,
348,20220407,,,,,,,
347,20220408,,,,,,,
346,20220409,,,,,,,
345,20220410,,,,,,,
344,20220411,,,,,,,
343,20220412,,,,,,,
342,20220413,,,,,,,
341,20220414,,,,,,,
340,20220415,,,,,,,
339,20220416,,,,,,,
338,20220417,,,,,,,
337,20220418,,,,,,,
336,20220419,,,,,,,
335,20220420,,,,,,,
334,20220421,,,,,,,
333,20220422,,,,,,,
332,20220423,,,,,,,
331,20220424,,,,,,,
330,20220425,,,,,,,
329,20220426,,,,,,,
328,20220427,,,,,,,
327,20220428,,,,,,,
326,20220429,,,,,,,
325,20220430,,,,,,,
324,20220501,,,,,,,
323,20220502,,,,,,,
322,20220503,,,,,,,
321,20220504,,,,,,,
320,20220505,,,,,,,
319,20220506,,,,,,,
318,20220507,,,,,,,
317,20220508,,,,,,,
316,20220509,,,,,,,
315,20220510,,,,,,,
314,20220511,,,,,,,
313,20220512,,,,,,,
312,20220513,,,,,,,
311,20220514,,,,,,,
310,20220515,,,,,,,
309,20220516,,,,,,,
308,20220517,,,,,,,
307,20220518,,,,,,,
306,20220519,,,,,,,
305,20220520,,,,,,,
304,20220521,,,,,,,
303,20220522,,,,,,,
302,20220523,,,,,,,
301,20220524,,,,,,,
300,20220525,,,,,,,
299,20220526,,,,,,,
298,20220527,,,,,,,
297,20220528,,,,,,,
296,20220529,,,,,,,
295,20220530,,,,,,,
294,20220531,,,,,,,
293,20220601,,,,,,,
292,20220602,,,,,,,
291,20220603,,,,,,,
290,20220604,,,,,,,
289,20220605,,,,,,,
288,20220606,,,,,,,
287,20220607,,,,,,,
286,20220608,,,,,,,
285,20220609,,,,,,,
284,20220611,,,,,,,
283,20220612,,,,,,,
282,20220613,,,,,,,
281,20220614,,,,,,,
280,20220615,,,,,,,
279,20220616,,,,,,,
278,20220617,,,,,,,
277,20220618,,,,,,,
276,20220619,,,,,,,
275,20220621,,,,,,,
274,20220622,,,,,,,
273,20220623,,,,,,,
272,20220624,,,,,,,
271,20220625,,,,,,,
270,20220626,,,,,,,
269,20220627,,,,,,,
268,20220628,,,,,,,
267,20220629,,,,,,,
266,20220630,,,,,,,
265,20220701,,,,,,,
264,20220704,,,,,,,
263,20220705,,,,,,,
262,20220706,,,,,,,
261,20220707,,,,,,,
260,20220708,,,,,,,
259,20220709,,,,,,,
258,20220710,,,,,,,
257,20220711,,,,,,,
256,20220712,,,,,,,
255,20220713,,,,,,,
254,20220714,,,,,,,
253,20220715,,,,,,,
252,20220716,,,,,,,
251,20220717,,,,,,,
250,20220718,,,,,,,
249,20220719,,,,,,,
248,20220720,,,,,,,
247,20220721,,,,,,,
246,20220722,,,,,,,
245,20220723,,,,,,,
244,20220724,,,,,,,
243,20220725,,,,,,,
242,20220726,,,,,,,
241,20220727,,,,,,,
240,20220728,,,,,,,
239,20220729,,,,,,,
238,20220730,,,,,,,
237,20220731,,,,,,,
236,20220802,,,,,,,
235,20220803,,,,,,,
234,20220804,,,,,,,
233,20220805,,,,,,,
232,20220806,,,,,,,
231,20220807,,,,,,,
230,20220808,,,,,,,
229,20220809,,,,,,,
228,20220810,,,,,,,
227,20220811,,,,,,,
226,20220812,,,,,,,
225,20220813,,,,,,,
224,20220814,,,,,,,
223,20220815,,,,,,,
222,20220816,,,,,,,
221,20220817,,,,,,,
220,20220818,,,,,,,
219,20220819,,,,,,,
218,20220820,,,,,,,
217,20220821,,,,,,,
216,20220822,,,,,,,
215,20220823,,,,,,,
214,20220824,,,,,,,
213,20220825,,,,,,,
212,20220826,,,,,,,
211,20220827,,,,,,,
210,20220828,,,,,,,
209,20220829,,,,,,,
208,20220830,,,,,,,
207,20220831,,,,,,,
206,20220901,,,,,,,
205,20220902,,,,,,,
204,20220903,,,,,,,
203,20220904,,,,,,,
202,20220905,,,,,,,
201,20220906,,,,,,,
200,20220907,,,,,,,
199,20220908,,,,,,,
198,20220909,,,,,,,
197,20220910,,,,,,,
196,20220911,,,,,,,
195,20220912,,,,,,,
194,20220913,,,,,,,
193,20220914,,,,,,,
192,20220915,,,,,,,
191,20220916,,,,,,,
190,20220917,,,,,,,
189,20220918,,,,,,,
188,20220919,,,,,,,
187,20220920,,,,,,,
186,20220921,,,,,,,
185,20220922,,,,,,,
184,20220923,,,,,,,
183,20220927,,,,,,,
182,20220928,,,,,,,
181,20220929,,,,,,,
180,20220930,,,,,,,
179,20221004,,,,,,,
178,20221005,,,,,,,
177,20221006,,,,,,,
176,20221007,,,,,,,
175,20221008,,,,,,,
174,20221009,,,,,,,
173,20221010,,,,,,,
172,20221011,,,,,,,
171,20221012,,,,,,,
170,20221013,,,,,,,
169,20221014,,,,,,,
168,20221015,,,,,,,
167,20221016,,,,,,,
166,20221017,,,,,,,
165,20221018,,,,,,,
164,20221019,,,,,,,
163,20221021,,,,,,,
162,20221023,,,,,,,
161,20221024,,,,,,,
160,20221025,,,,,,,
159,20221026,,,,,,,
158,20221027,,,,,,,
157,20221028,,,,,,,
156,20221029,,,,,,,
155,20221030,,,,,,,
154,20221031,,,,,,,
153,20221101,,,,,,,
152,20221102,,,,,,,
151,20221103,,,,,,,
150,20221104,,,,,,,
149,20221105,,,,,,,
148,20221106,,,,,,,
147,20221107,,,,,,,
146,20221108,,,,,,,
145,20221109,,,,,,,
144,20221110,,,,,,,
143,20221111,,,,,,,
142,20221112,,,,,,,
141,20221113,,,,,,,
140,20221114,,,,,,,
139,20221115,,,,,,,
138,20221116,,,,,,,
137,20221117,,,,,,,
136,20221118,,,,,,,
135,20221119,,,,,,,
134,20221120,,,,,,,
133,20221121,,,,,,,
132,20221122,,,,,,,
131,20221123,,,,,,,
130,20221124,,,,,,,
129,20221125,,,,,,,
128,20221126,,,,,,,
127,20221127,,,,,,,
126,20221128,,,,,,,
125,20221129,,,,,,,
124,20221130,,,,,,,
123,20221201,,,,,,,
122,20221202,,,,,,,
121,20221203,,,,,,,
120,20221204,,,,,,,
119,20221205,,,,,,,
118,20221206,,,,,,,
117,20221207,,,,,,,
116,20221208,,,,,,,
115,20221209,,,,,,,
114,20221210,,,,,,,
113,20221211,,,,,,,
112,20221212,,,,,,,
111,20221213,,,,,,,
110,20221214,,,,,,,
109,20221215,,,,,,,
108,20221216,,,,,,,
107,20221217,,,,,,,
106,20221218,,,,,,,
105,20221219,,,,,,,
104,20221220,,,,,,,
103,20221221,,,,,,,
102,20221222,,,,,,,
101,20221223,,,,,,,
100,20221224,,,,,,,
99,20221225,,,,,,,
98,20221226,,,,,,,
97,20221227,,,,,,,
96,20221228,,,,,,,
95,20221229,,,,,,,
94,20221230,,,,,,,
93,20221231,,,,,,,
92,20230101,,,,,,,
91,20230102,,,,,,,
90,20230103,,,,,,,
89,20230104,,,,,,,
88,20230105,,,,,,,
87,20230106,,,,,,,
86,20230107,,,,,,,
85,20230108,,,,,,,
84,20230109,,,,,,,
83,20230110,,,,,,,
82,20230111,,,,,,,
81,20230112,,,,,,,
80,20230113,,,,,,,
79,20230114,,,,,,,
78,20230115,,,,,,,
77,20230116,,,,,,,
76,20230117,,,,,,,
75,20230118,,,,,,,
74,20230120,,,,,,,
73,20230121,,,,,,,
72,20230122,,,,,,,
71,20230123,,,,,,,
70,20230124,,,,,,,
69,20230125,,,,,,,
68,20230126,,,,,,,
67,20230127,,,,,,,
66,20230128,,,,,,,
65,20230129,,,,,,,
64,20230130,,,,,,,
63,20230131,,,,,,,
62,20230201,,,,,,,
61,20230202,,,,,,,
60,20230203,,,,,,,
59,20230204,,,,,,,
58,20230205,,,,,,,
57,20230206,,,,,,,
56,20230207,,,,,,,
55,20230208,,,,,,,
54,20230209,,,,,,,
53,20230210,,,,,,,
52,20230211,,,,,,,
51,20230212,,,,,,,
50,20230213,,,,,,,
49,20230214,,,,,,,
48,20230215,,,,,,,
47,20230217,,,,,,,
46,20230219,,,,,,,
45,20230221,,,,,,,
44,20230223,,,,,,,
43,20230225,,,,,,,
42,20230227,,,,,,,
41,20230228,,,,,,,
40,20230301,,,,,,,
39,20230302,,,,,,,
38,20230303,,,,,,,
37,20230304,,,,,,,
36,20230306,,,,,,,
35,20230308,,,,,,,
34,20230309,,,,,,,
33,20230310,,,,,,,
32,20230311,,,,,,,
31,20230313,,,,,,,
30,20230314,,,,,,,
29,20230315,,,,,,,
28,20230317,,,,,,,
27,20230318,,,,,,,
26,20230320,,,,,,,
25,20230321,,,,,,,
24,20230322,,,,,,,
23,20230323,,,,,,,
22,20230324,,,,,,,
21,20230325,,,,,,,
20,20230327,,,,,,,
19,20230328,,,,,,,
18,20230329,,,,,,,
17,20230330,,,,,,,
16,20230331,,,,,,,
15,20230401,,,,,,,
14,20230403,,,,,,,
13,20230404,,,,,,,
12,20230405,,,,,,,
11,20230407,,,,,,,
10,20230408,,,,,,,
9,20230410,,,,,,,
8,20230411,,,,,,,
7,20230412,,,,,,,
6,20230413,,,,,,,
5,20230414,,,,,,,
4,20230415,,,,,,,
3,20230417,,,,,,,
2,20230418,,,,,,,
1,20230419,,,,,,,
0,20230420,,,,,,,
