,stateDt,decideCnt,clearCnt,examCnt,deathCnt,careCnt,resutlNegCnt,accExamCnt,accExamCompCnt,accDefRate
0,20230420,31039863.0,,,34401.0,,,,,
1,20230419,31025769.0,,,34392.0,,,,,
2,20230418,31009261.0,,,34386.0,,,,,
3,20230417,30994088.0,,,34376.0,,,,,
4,20230415,30978954.0,,,34368.0,,,,,
5,20230414,30967692.0,,,34366.0,,,,,
6,20230413,30956026.0,,,34361.0,,,,,
7,20230412,30944430.0,,,34356.0,,,,,
8,20230411,30930504.0,,,34342.0,,,,,
9,20230410,30918060.0,,,34332.0,,,,,
10,20230408,30904502.0,,,34322.0,,,,,
11,20230407,30894559.0,,,34318.0,,,,,
12,20230405,30871740.0,,,34296.0,,,,,
13,20230404,30857275.0,,,34289.0,,,,,
14,20230403,30843900.0,,,34281.0,,,,,
15,20230401,30829827.0,,,34270.0,,,,,
16,20230331,30820130.0,,,34265.0,,,,,
17,20230330,30809762.0,,,34255.0,,,,,
18,20230329,30798723.0,,,34245.0,,,,,
19,20230328,30785589.0,,,34231.0,,,,,
20,20230327,30773460.0,,,34223.0,,,,,
21,20230325,30759895.0,,,34217.0,,,,,
22,20230324,30749740.0,,,34211.0,,,,,
23,20230323,30739457.0,,,34201.0,,,,,
24,20230322,30728057.0,,,34187.0,,,,,
25,20230321,30714976.0,,,34178.0,,,,,
26,20230320,30702960.0,,,34171.0,,,,,
27,20230318,30690223.0,,,34159.0,,,,,
28,20230317,30681228.0,,,34155.0,,,,,
29,20230315,30662229.0,,,34131.0,,,,,
30,20230314,30650330.0,,,34121.0,,,,,
31,20230313,30638929.0,,,34115.0,,,,,
32,20230311,30625389.0,,,34096.0,,,,,
33,20230310,30615522.0,,,34093.0,,,,,
34,20230309,30605187.0,,,34081.0,,,,,
35,20230308,30594297.0,,,34061.0,,,,,
36,20230306,30569215.0,,,34034.0,,,,,
37,20230304,30555102.0,,,34020.0,,,,,
38,20230303,30543981.0,,,34014.0,,,,,
39,20230302,30533573.0,,,34003.0,,,,,
40,20230301,30526012.0,,,33988.0,,,,,
41,20230228,30513721.0,,,33977.0,,,,,
42,20230227,30502904.0,,,33961.0,,,,,
43,20230225,30489666.0,,,33940.0,,,,,
44,20230223,30469702.0,,,33909.0,,,,,
45,20230221,30445775.0,,,33873.0,,,,,
46,20230219,30429571.0,,,33856.0,,,,,
47,20230217,30408656.0,,,33832.0,,,,,
48,20230215,30384701.0,,,33782.0,,,,,
49,20230214,30369744.0,,,33758.0,,,,,
50,20230213,30355373.0,,,33747.0,,,,,
51,20230212,30350199.0,,,33736.0,,,,,
52,20230211,30338148.0,,,33713.0,,,,,
53,20230210,30325483.0,,,33697.0,,,,,
54,20230209,30311979.0,,,33680.0,,,,,
55,20230208,30297315.0,,,33646.0,,,,,
56,20230207,30279381.0,,,33624.0,,,,,
57,20230206,30263261.0,,,33614.0,,,,,
58,20230205,30257411.0,,,33596.0,,,,,
59,20230204,30243393.0,,,33574.0,,,,,
60,20230203,30228889.0,,,33552.0,,,,,
61,20230202,30213928.0,,,33522.0,,,,,
62,20230201,30197066.0,,,33486.0,,,,,
63,20230131,30176646.0,,,33444.0,,,,,
64,20230130,30157017.0,,,33420.0,,,,,
65,20230129,30149601.0,,,33390.0,,,,,
66,20230128,30130730.0,,,33361.0,,,,,
67,20230127,30107363.0,,,33332.0,,,,,
68,20230126,30075652.0,,,33296.0,,,,,
69,20230125,30040556.0,,,33270.0,,,,,
70,20230124,30021018.0,,,33245.0,,,,,
71,20230123,30008756.0,,,33235.0,,,,,
72,20230122,29999529.0,,,33209.0,,,,,
73,20230121,29982905.0,,,33185.0,,,,,
74,20230120,29955366.0,,,33134.0,,,,,
75,20230118,29898142.0,,,33057.0,,,,,
76,20230117,29861234.0,,,33014.0,,,,,
77,20230116,29821035.0,,,32984.0,,,,,
78,20230115,29806891.0,,,32949.0,,,,,
79,20230114,29774321.0,,,32912.0,,,,,
80,20230113,29737769.0,,,32867.0,,,,,
81,20230112,29698043.0,,,32821.0,,,,,
82,20230111,29654090.0,,,32745.0,,,,,
83,20230110,29599747.0,,,32669.0,,,,,
84,20230109,29539706.0,,,32625.0,,,,,
85,20230108,29520600.0,,,32590.0,,,,,
86,20230107,29473834.0,,,32556.0,,,,,
87,20230106,29420226.0,,,32496.0,,,,,
88,20230105,29363272.0,,,32421.0,,,,,
89,20230104,29299166.0,,,32355.0,,,,,
90,20230103,29220591.0,,,32301.0,,,,,
91,20230102,29139535.0,,,32272.0,,,,,
92,20230101,29116800.0,,,32219.0,,,,,
93,20221231,29059273.0,,,32156.0,,,,,
94,20221230,28996347.0,,,32095.0,,,,,
95,20221229,28931140.0,,,32027.0,,,,,
96,20221228,28859713.0,,,31951.0,,,,,
97,20221227,28772196.0,,,31882.0,,,,,
98,20221226,28684600.0,,,31832.0,,,,,
99,20221225,28659055.0,,,31790.0,,,,,
100,20221224,28600607.0,,,31744.0,,,,,
101,20221223,28534558.0,,,31674.0,,,,,
102,20221222,28466390.0,,,31611.0,,,,,
103,20221221,28390646.0,,,31549.0,,,,,
104,20221220,28302474.0,,,31490.0,,,,,
105,20221219,28214915.0,,,31434.0,,,,,
106,20221218,28188293.0,,,31395.0,,,,,
107,20221217,28129431.0,,,31353.0,,,,,
108,20221216,28062679.0,,,31298.0,,,,,
109,20221215,27995726.0,,,31232.0,,,,,
110,20221214,27925572.0,,,31174.0,,,,,
111,20221213,27841001.0,,,31128.0,,,,,
112,20221212,27754149.0,,,31099.0,,,,,
113,20221211,27728482.0,,,31069.0,,,,,
114,20221210,27674163.0,,,31029.0,,,,,
115,20221209,27611555.0,,,30975.0,,,,,
116,20221208,27548821.0,,,30908.0,,,,,
117,20221207,27483568.0,,,30847.0,,,,,
118,20221206,27408854.0,,,30793.0,,,,,
119,20221205,27331250.0,,,30769.0,,,,,
120,20221204,27308090.0,,,30729.0,,,,,
121,20221203,27261526.0,,,30669.0,,,,,
122,20221202,27208800.0,,,30621.0,,,,,
123,20221201,27155813.0,,,30568.0,,,,,
124,20221130,27098734.0,,,30506.0,,,,,
125,20221129,27031319.0,,,30454.0,,,,,
126,20221128,26959843.0,,,30413.0,,,,,
127,20221127,26937516.0,,,30369.0,,,,,
128,20221126,26890488.0,,,30330.0,,,,,
129,20221125,26837840.0,,,30278.0,,,,,
130,20221124,26784142.0,,,30223.0,,,,,
131,20221123,26725053.0,,,30164.0,,,,,
132,20221122,26654729.0,,,30111.0,,,,,
133,20221121,26581856.0,,,30066.0,,,,,
134,20221120,26558765.0,,,30031.0,,,,,
135,20221119,26512754.0,,,29990.0,,,,,
136,20221118,26462319.0,,,29925.0,,,,,
137,20221117,26412901.0,,,29862.0,,,,,
138,20221116,26357464.0,,,29795.0,,,,,
139,20221115,26290877.0,,,29748.0,,,,,
140,20221114,26217994.0,,,29709.0,,,,,
141,20221113,26194229.0,,,29665.0,,,,,
142,20221112,26145764.0,,,29617.0,,,,,
143,20221111,26091539.0,,,29571.0,,,,,
144,20221110,26037020.0,,,29531.0,,,,,
145,20221109,25981655.0,,,29479.0,,,,,
146,20221108,25919183.0,,,29420.0,,,,,
147,20221107,25856910.0,,,29390.0,,,,,
148,20221106,25838239.0,,,29372.0,,,,,
149,20221105,25801564.0,,,29354.0,,,,,
150,20221104,25760701.0,,,29315.0,,,,,
151,20221103,25717277.0,,,29280.0,,,,,
152,20221102,25670407.0,,,29239.0,,,,,
153,20221101,25615667.0,,,29209.0,,,,,
154,20221031,25557309.0,,,29176.0,,,,,
155,20221030,25538799.0,,,29158.0,,,,,
156,20221029,25504288.0,,,29131.0,,,,,
157,20221028,25466992.0,,,29100.0,,,,,
158,20221027,25431105.0,,,29069.0,,,,,
159,20221026,25396155.0,,,29043.0,,,,,
160,20221025,25355350.0,,,29017.0,,,,,
161,20221024,25311636.0,,,29000.0,,,,,
162,20221023,25297334.0,,,28990.0,,,,,
163,20221021,25244255.0,,,28952.0,,,,,
164,20221019,25194177.0,,,28899.0,,,,,
165,20221018,25164695.0,,,28856.0,,,,,
166,20221017,25131505.0,,,28851.0,,,,,
167,20221016,25120465.0,,,28840.0,,,,,
168,20221015,25098996.0,,,28808.0,,,,,
169,20221014,25076239.0,,,28783.0,,,,,
170,20221013,25052677.0,,,28748.0,,,,,
171,20221012,25025749.0,,,28723.0,,,,,
172,20221011,24995246.0,,,28708.0,,,,,
173,20221010,24979770.0,,,28698.0,,,,,
174,20221009,24970789.0,,,28675.0,,,,,
175,20221008,24953135.0,,,28646.0,,,,,
176,20221007,24933756.0,,,28614.0,,,,,
177,20221006,24911497.0,,,28573.0,,,,,
178,20221005,24882894.0,,,28544.0,,,,,
179,20221004,24848184.0,,,28528.0,,,,,
180,20220930,24769101.0,,,28406.0,,,,,
181,20220929,24740635.0,,,28364.0,,,,,
182,20220928,24709789.0,,,28318.0,,,,,
183,20220927,24673663.0,,,28272.0,,,,,
184,20220923,24565021.0,,,28077.0,,,,,
185,20220922,24535940.0,,,28009.0,,,,,
186,20220921,24502968.0,,,27950.0,,,,,
187,20220920,24461737.0,,,27891.0,,,,,
188,20220919,24413873.0,,,27867.0,,,,,
189,20220918,24394466.0,,,27828.0,,,,,
190,20220917,24359702.0,,,27782.0,,,,,
191,20220916,24316302.0,,,27725.0,,,,,
192,20220915,24264470.0,,,27665.0,,,,,
193,20220914,24193038.0,,,27593.0,,,,,
194,20220913,24099134.0,,,27533.0,,,,,
195,20220912,24041825.0,,,27498.0,,,,,
196,20220911,24004887.0,,,27476.0,,,,,
197,20220910,23976673.0,,,27429.0,,,,,
198,20220909,23933949.0,,,27381.0,,,,,
199,20220908,23864560.0,,,27313.0,,,,,
200,20220907,23791961.0,,,27249.0,,,,,
201,20220906,23706477.0,,,27193.0,,,,,
202,20220905,23606740.0,,,27149.0,,,,,
203,20220904,23569192.0,,,27093.0,,,,,
204,20220903,23497048.0,,,27014.0,,,,,
205,20220902,23417425.0,,,26940.0,,,,,
206,20220901,23327897.0,,,26876.0,,,,,
207,20220831,23246398.0,,,26764.0,,,,,
208,20220830,23142479.0,,,26689.0,,,,,
209,20220829,23026960.0,,,26618.0,,,,,
210,20220828,22983818.0,,,26569.0,,,,,
211,20220827,22898523.0,,,26499.0,,,,,
212,20220826,22802985.0,,,26413.0,,,,,
213,20220825,22701921.0,,,26332.0,,,,,
214,20220824,22588640.0,,,26224.0,,,,,
215,20220823,22449475.0,,,26161.0,,,,,
216,20220822,22299377.0,,,26109.0,,,,,
217,20220821,22240331.0,,,26044.0,,,,,
218,20220820,22129387.0,,,25980.0,,,,,
219,20220819,22000037.0,,,25896.0,,,,,
220,20220818,21861296.0,,,25813.0,,,,,
221,20220817,21682816.0,,,25752.0,,,,,
222,20220816,21502164.0,,,25710.0,,,,,
223,20220815,21418036.0,,,25673.0,,,,,
224,20220814,21355958.0,,,25623.0,,,,,
225,20220813,21236355.0,,,25566.0,,,,,
226,20220812,21111840.0,,,25499.0,,,,,
227,20220811,20983169.0,,,25441.0,,,,,
228,20220810,20845973.0,,,25382.0,,,,,
229,20220809,20694239.0,,,25332.0,,,,,
230,20220808,20544420.0,,,25292.0,,,,,
231,20220807,20489128.0,,,25263.0,,,,,
232,20220806,20383621.0,,,25236.0,,,,,
233,20220805,20273011.0,,,25191.0,,,,,
234,20220804,20160154.0,,,25144.0,,,,,
235,20220803,20052305.0,,,25110.0,,,,,
236,20220802,19932439.0,,,25084.0,,,,,
237,20220731,19776050.0,,,25047.0,,,,,
238,20220730,19702461.0,,,25027.0,,,,,
239,20220729,19620517.0,,,24992.0,,,,,
240,20220728,19535242.0,,,24957.0,,,,,
241,20220727,19446946.0,,,24932.0,,,,,
242,20220726,19346764.0,,,24907.0,,,,,
243,20220725,19247496.0,,,24890.0,,,,,
244,20220724,19211613.0,,,24873.0,,,,,
245,20220723,19146180.0,,,24855.0,,,,,
246,20220722,19077659.0,,,24825.0,,,,,
247,20220721,19009080.0,,,24794.0,,,,,
248,20220720,18937971.0,,,24777.0,,,,,
249,20220719,18861593.0,,,24765.0,,,,,
250,20220718,18788056.0,,,24753.0,,,,,
251,20220717,18761757.0,,,24742.0,,,,,
252,20220716,18721415.0,,,24728.0,,,,,
253,20220715,18680142.0,,,24712.0,,,,,
254,20220714,18641278.0,,,24696.0,,,,,
255,20220713,18602109.0,,,24680.0,,,,,
256,20220712,18561861.0,,,24668.0,,,,,
257,20220711,18524538.0,,,24661.0,,,,,
258,20220710,18511845.0,,,24643.0,,,,,
259,20220709,18491435.0,,,24624.0,,,,,
260,20220708,18471172.0,,,24605.0,,,,,
261,20220707,18451862.0,,,24593.0,,,,,
262,20220706,18433359.0,,,24583.0,,,,,
263,20220705,18413997.0,,,24576.0,,,,,
264,20220704,18395864.0,,,24574.0,,,,,
265,20220701,18368857.0,,,24555.0,,,,,
266,20220630,18359341.0,,,24547.0,,,,,
267,20220629,18349756.0,,,24537.0,,,,,
268,20220628,18339319.0,,,24530.0,,,,,
269,20220627,18329448.0,,,24525.0,,,,,
270,20220626,18326019.0,,,24522.0,,,,,
271,20220625,18319773.0,,,24516.0,,,,,
272,20220624,18312993.0,,,24498.0,,,,,
273,20220623,18305783.0,,,24488.0,,,,,
274,20220622,18298341.0,,,24474.0,,,,,
275,20220621,18289373.0,,,24463.0,,,,,
276,20220619,18276552.0,,,24441.0,,,,,
277,20220618,18270481.0,,,24427.0,,,,,
278,20220617,18263643.0,,,24416.0,,,,,
279,20220616,18256457.0,,,24407.0,,,,,
280,20220615,18248479.0,,,24399.0,,,,,
281,20220614,18239056.0,,,24390.0,,,,,
282,20220613,18229288.0,,,24388.0,,,,,
283,20220612,18225460.0,,,24371.0,,,,,
284,20220611,18218078.0,,,24351.0,,,,,
285,20220609,18200346.0,,,24323.0,,,,,
286,20220608,18188200.0,,,24305.0,,,,,
287,20220607,18174880.0,,,24299.0,,,,,
288,20220606,18168708.0,,,24279.0,,,,,
289,20220605,18163686.0,,,24258.0,,,,,
290,20220604,18153851.0,,,24238.0,,,,,
291,20220603,18141835.0,,,24229.0,,,,,
292,20220602,18129313.0,,,24212.0,,,,,
293,20220601,18119415.0,,,24197.0,,,,,
294,20220531,18103638.0,,,24176.0,,,,,
295,20220530,18086462.0,,,24167.0,,,,,
296,20220529,18080323.0,,,24158.0,,,,,
297,20220528,18067669.0,,,24139.0,,,,,
298,20220527,18053287.0,,,24103.0,,,,,
299,20220526,18036720.0,,,24063.0,,,,,
300,20220525,18017923.0,,,24029.0,,,,,
301,20220524,17993985.0,,,24006.0,,,,,
302,20220523,17967672.0,,,23987.0,,,,,
303,20220522,17957697.0,,,23965.0,,,,,
304,20220521,17938399.0,,,23911.0,,,,,
305,20220520,17914957.0,,,23885.0,,,,,
306,20220519,17889849.0,,,23842.0,,,,,
307,20220518,17861744.0,,,23802.0,,,,,
308,20220517,17830429.0,,,23771.0,,,,,
309,20220516,17795312.0,,,23744.0,,,,,
310,20220515,17782016.0,,,23709.0,,,,,
311,20220514,17756583.0,,,23661.0,,,,,
312,20220513,17727006.0,,,23606.0,,,,,
313,20220512,17694563.0,,,23554.0,,,,,
314,20220511,17658667.0,,,23491.0,,,,,
315,20220510,17614757.0,,,23462.0,,,,,
316,20220509,17564861.0,,,23400.0,,,,,
317,20220508,17544273.0,,,23360.0,,,,,
318,20220507,17504225.0,,,23289.0,,,,,
319,20220506,17464782.0,,,23206.0,,,,,
320,20220505,17438068.0,,,23158.0,,,,,
321,20220504,17395791.0,,,23079.0,,,,,
322,20220503,17346753.0,,,23007.0,,,,,
323,20220502,17295733.0,,,22958.0,,,,,
324,20220501,17275649.0,,,22875.0,,,,,
325,20220430,17237878.0,,,22794.0,,,,,
326,20220429,17194616.0,,,22724.0,,,,,
327,20220428,17144065.0,,,22588.0,,,,,
328,20220427,17086626.0,,,22466.0,,,,,
329,20220426,17009865.0,,,22325.0,,,,,
330,20220425,16929564.0,,,22243.0,,,,,
331,20220424,16895194.0,,,22133.0,,,,,
332,20220423,16830469.0,,,22024.0,,,,,
333,20220422,16755055.0,,,21873.0,,,,,
334,20220421,16674045.0,,,21667.0,,,,,
335,20220420,16583220.0,,,21520.0,,,,,
336,20220419,16471940.0,,,21354.0,,,,,
337,20220418,16353495.0,,,21224.0,,,,,
338,20220417,16305752.0,,,21092.0,,,,,
339,20220416,16212751.0,,,20889.0,,,,,
340,20220415,16104869.0,,,20616.0,,,,,
341,20220414,15979061.0,,,20352.0,,,,,
342,20220413,15830644.0,,,20034.0,,,,,
343,20220412,15635274.0,,,19850.0,,,,,
344,20220411,15424598.0,,,19679.0,,,,,
345,20220410,15333670.0,,,19421.0,,,,,
346,20220409,15169189.0,,,19092.0,,,,,
347,20220408,14983694.0,,,18754.0,,,,,
348,20220407,14778405.0,,,18381.0,,,,,
349,20220406,14553644.0,,,18033.0,,,,,
350,20220405,14267401.0,,,17662.0,,,,,
351,20220404,14001406.0,,,17453.0,,,,,
352,20220403,13874216.0,,,17235.0,,,,,
353,20220402,13639915.0,,,16929.0,,,,,
354,20220401,13375818.0,,,16590.0,,,,,
355,20220331,13095631.0,,,16230.0,,,,,
356,20220330,12774956.0,,,15855.0,,,,,
357,20220329,12350428.0,,,15423.0,,,,,
358,20220328,12003054.0,,,15186.0,,,,,
359,20220325,11162232.0,,,14294.0,,,,,
360,20220323,10427247.0,,,13432.0,,,,,
361,20220322,9936540.0,,,13141.0,,,,,
362,20220320,9373646.0,,,12428.0,,,,,
363,20220319,9038938.0,,,12101.0,,,,,
364,20220318,8657609.0,,,11782.0,,,,,
365,20220317,8250592.0,,,11481.0,,,,,
366,20220316,7629275.0,,,11052.0,,,,,
367,20220315,7228550.0,,,10888.0,,,,,
368,20220314,6866222.0,,,10595.0,,,,,
369,20220313,6556453.0,,,10395.0,,,,,
370,20220312,6206277.0,,,10144.0,,,,,
371,20220311,5822626.0,,,9875.0,,,,,
372,20220310,5539650.0,,,9646.0,,,,,
373,20220309,5212118.0,,,9440.0,,,,,
374,20220308,4869691.0,,,9282.0,,,,,
375,20220307,4666977.0,,,9096.0,,,,,
376,20220306,4456264.0,,,8957.0,,,,,
377,20220305,4212652.0,,,8796.0,,,,,
378,20220304,3958326.0,,,8580.0,,,,,
379,20220303,3691488.0,,,8394.0,,,,,
380,20220228,3134456.0,,,8058.0,,,,,
381,20220227,2994841.0,,,7944.0,,,,,
382,20220226,2831283.0,,,7895.0,,,,,
383,20220225,2665077.0,,,7783.0,,,,,
384,20220224,2499188.0,,,7689.0,,,,,
385,20220223,2329182.0,,,7607.0,,,,,
386,20220222,2157734.0,,,7508.0,,,,,
387,20220221,2058184.0,,,7450.0,,,,,
388,20220219,1858009.0,,,7354.0,,,,,
389,20220218,1755806.0,,,7283.0,,,,,
390,20220217,1645978.0,,,7238.0,,,,,
391,20220216,1552851.0,,,7202.0,,,,,
392,20220215,1462421.0,,,7163.0,,,,,
393,20220214,1405246.0,,,7102.0,,,,,
394,20220213,1350630.0,,,7081.0,,,,,
395,20220212,1294205.0,,,7045.0,,,,,
396,20220210,1185361.0,,,6963.0,,,,,
397,20220208,1081681.0,,,6922.0,,,22072870.0,,
398,20220204,934656.0,,,6836.0,,,21828007.0,,
399,20220203,907214.0,,,6812.0,,,21733998.0,,
400,20220202,884310.0,,,6787.0,,,21654236.0,,
401,20220201,864042.0,,,6772.0,,,21595841.0,,
402,20220131,845709.0,,,6755.0,,,21518073.0,,
403,20220130,828637.0,,,6732.0,,,21448119.0,,
404,20220129,811122.0,,,6712.0,,,21377393.0,,
405,20220128,793582.0,,,6678.0,,,21269304.0,,
406,20220127,777497.0,,,6654.0,,,21196354.0,,
407,20220126,762983.0,,,6620.0,,,21110639.0,,
408,20220125,749979.0,,,6588.0,,,21026346.0,,
409,20220124,741413.0,,,6565.0,,,20943638.0,,
410,20220123,733902.0,,,6540.0,,,20892539.0,,
411,20220122,726274.0,,,6529.0,,,20838500.0,,
412,20220121,719269.0,,,6501.0,,,20765930.0,,
413,20220120,712503.0,,,6480.0,,,20709568.0,,
414,20220119,705902.0,,,6452.0,,,20649522.0,,
415,20220118,700102.0,,,6378.0,,,20588481.0,,
416,20220117,696032.0,,,6333.0,,,20527722.0,,
417,20220116,692174.0,,,6310.0,,,20489023.0,,
418,20220115,687984.0,,,6281.0,,,20446099.0,,
419,20220114,683566.0,,,6259.0,,,20389154.0,,
420,20220113,679030.0,,,6210.0,,,20329715.0,,
421,20220112,674868.0,,,6166.0,,,20277357.0,,
422,20220111,670483.0,,,6114.0,,,20081639.0,,
423,20220110,667390.0,,,6071.0,,,20148476.0,,
424,20220107,657508.0,,,5932.0,,,19971712.0,,
425,20220106,653792.0,,,5887.0,,,19875047.0,,
426,20220105,649669.0,,,5838.0,,,19778824.0,,
427,20220104,645226.0,,,5781.0,,,19671880.0,,
428,20220103,642207.0,,,5730.0,,,19546883.0,,
429,20220102,639083.0,,,5694.0,,,19456900.0,,
430,20220101,635254.0,,,5625.0,,,19364122.0,,
431,20211231,630838.0,,,5563.0,,,19309072.0,,
432,20211230,625967.0,,,5455.0,,,19251165.0,,
433,20211229,620938.0,,,5382.0,,,19196738.0,,
434,20211228,615532.0,,,5346.0,,,19141481.0,,
435,20211227,611670.0,,,5300.0,,,19082135.0,,
436,20211226,607463.0,,,5245.0,,,19040194.0,,
437,20211225,602045.0,,,5176.0,,,18994820.0,,
438,20211224,596209.0,,,5071.0,,,18929158.0,,
439,20211223,589978.0,,,5015.0,,,18859285.0,,
440,20211222,583065.0,,,4906.0,,,18786344.0,,
441,20211221,575615.0,,,4828.0,,,18718803.0,,
442,20211220,570414.0,,,4776.0,,,18645857.0,,
443,20211219,565098.0,,,4722.0,,,18593165.0,,
444,20211218,558864.0,,,4644.0,,,18539009.0,,
445,20211217,551551.0,,,4591.0,,,18460563.0,,
446,20211216,544117.0,,,4518.0,,,18381569.0,,
447,20211215,536495.0,,,4456.0,,,18298675.0,,
448,20211214,528652.0,,,4387.0,,,18224740.0,,
449,20211213,523088.0,,,4293.0,,,18140572.0,,
450,20211210,503606.0,,,4130.0,,,17950721.0,,
451,20211209,496584.0,,,4077.0,,,17870821.0,,
452,20211208,489484.0,,,4020.0,,,17787657.0,,
453,20211207,482310.0,,,3957.0,,,17709512.0,,
454,20211205,473034.0,,,3852.0,,,17577570.0,,
455,20211202,457612.0,400585.0,2071648.0,3705.0,53322.0,14862174.0,17391434.0,15319786.0,2.987065224
456,20211130,447230.0,396070.0,2007791.0,3624.0,47536.0,14810244.0,17265265.0,15257474.0,2.931219152
457,20211129,444200.0,393617.0,1981428.0,3580.0,47003.0,14774705.0,17200333.0,15218905.0,2.9187382403
458,20211128,440896.0,392311.0,1941470.0,3548.0,45037.0,14776181.0,17158547.0,15217077.0,2.8973764146
459,20211127,436968.0,390141.0,1907370.0,3492.0,43335.0,14771425.0,17115763.0,15208393.0,2.8732029741
460,20211126,432901.0,383551.0,1873162.0,3440.0,45910.0,14749949.0,17056012.0,15182850.0,2.85124993
461,20211125,429002.0,381851.0,1832973.0,3401.0,43750.0,14736764.0,16998739.0,15165766.0,2.8287525997
462,20211124,425063.0,380376.0,1797218.0,3362.0,41325.0,14717646.0,16939927.0,15142709.0,2.8070472727
463,20211123,420950.0,378561.0,1779964.0,3328.0,39061.0,14678045.0,16878959.0,15098995.0,2.7879338989
464,20211122,418252.0,376706.0,1762205.0,3298.0,38248.0,14636162.0,16816619.0,15054414.0,2.7782682208
465,20211121,415425.0,375755.0,1730642.0,3274.0,36396.0,14631615.0,16777682.0,15047040.0,2.7608419994
466,20211120,412311.0,374383.0,1693576.0,3244.0,34684.0,14634241.0,16740128.0,15046552.0,2.7402357696
467,20211119,409099.0,368723.0,1662758.0,3215.0,37161.0,14612313.0,16684170.0,15021412.0,2.7234390482
468,20211118,406065.0,367578.0,1650778.0,3187.0,35300.0,14574431.0,16631274.0,14980496.0,2.7106245347
469,20211116,399591.0,364499.0,1617465.0,3137.0,31955.0,14508336.0,16525392.0,14907927.0,2.680392787
470,20211115,397466.0,362834.0,1635106.0,3115.0,31517.0,14438402.0,16470974.0,14835868.0,2.6790882744
471,20211112,390719.0,356615.0,1574579.0,3051.0,31053.0,14395734.0,16361032.0,14786453.0,2.6424119428
472,20211111,388351.0,355014.0,1552667.0,3033.0,30304.0,14371757.0,16312775.0,14760108.0,2.6310850842
473,20211110,385831.0,352940.0,1522819.0,3012.0,29879.0,14353229.0,16261879.0,14739060.0,2.6177449579
474,20211109,383407.0,350658.0,1520380.0,2998.0,29751.0,14309086.0,16212873.0,14692493.0,2.6095435267
475,20211108,381694.0,347799.0,1518345.0,2980.0,30915.0,14260796.0,16160835.0,14642490.0,2.6067560913
476,20211107,379935.0,346801.0,1497751.0,2967.0,30167.0,14253188.0,16130874.0,14633123.0,2.5964040622
477,20211106,377712.0,345566.0,1472186.0,2956.0,29190.0,14249291.0,16099189.0,14627003.0,2.5822924901
478,20211105,375464.0,343237.0,1475027.0,2936.0,29291.0,14201178.0,16051669.0,14576642.0,2.5757921474
479,20211104,373120.0,341888.0,1464968.0,2916.0,28316.0,14163144.0,16001232.0,14536264.0,2.5668218463
480,20211103,370640.0,340471.0,1451112.0,2892.0,27277.0,14131777.0,15953529.0,14502417.0,2.5557119202
481,20211102,367974.0,338947.0,1443843.0,2874.0,26153.0,14093372.0,15905189.0,14461346.0,2.5445349277
482,20211101,366386.0,337353.0,1424100.0,2858.0,26175.0,14058818.0,15849304.0,14425204.0,2.5399016887
483,20211031,364700.0,336548.0,1386962.0,2849.0,25303.0,14052403.0,15804065.0,14417103.0,2.529634421
484,20211030,362639.0,334581.0,1366434.0,2830.0,25228.0,14046627.0,15775700.0,14409266.0,2.5167069578
485,20211029,360536.0,332995.0,1358692.0,2817.0,24724.0,14011558.0,15730786.0,14372094.0,2.5085836482
486,20211028,358412.0,330853.0,1389130.0,2808.0,24751.0,13930645.0,15678187.0,14289057.0,2.5082970835
487,20211027,356305.0,329658.0,1387186.0,2797.0,23850.0,13884820.0,15628311.0,14241125.0,2.5019441933
488,20211025,353089.0,324448.0,1368282.0,2773.0,25868.0,13809107.0,15530478.0,14162196.0,2.49317973
489,20211024,351899.0,323393.0,1354359.0,2766.0,25740.0,13798727.0,15504985.0,14150626.0,2.4868087107
490,20211023,350476.0,322536.0,1339287.0,2745.0,25195.0,13791710.0,15481473.0,14142186.0,2.4782307346
491,20211022,348969.0,320317.0,1327170.0,2725.0,25927.0,13761248.0,15437387.0,14110217.0,2.4731653666
492,20211021,347529.0,317755.0,1334586.0,2709.0,27065.0,13709892.0,15392007.0,14057421.0,2.4722102297
493,20211020,346088.0,316607.0,1325132.0,2698.0,26783.0,13673512.0,15344732.0,14019600.0,2.4686011013
494,20211019,344518.0,313432.0,1323771.0,2689.0,28397.0,13628545.0,15296834.0,13973063.0,2.4655868223
495,20211018,343445.0,311781.0,1320566.0,2668.0,28996.0,13582339.0,15246350.0,13925784.0,2.4662525284
496,20211017,342396.0,310344.0,1312433.0,2660.0,29392.0,13566039.0,15220868.0,13908435.0,2.4617866783
497,20211016,340978.0,308187.0,1293233.0,2644.0,30147.0,13563981.0,15198192.0,13904959.0,2.4522042819
498,20211015,339361.0,305851.0,1309168.0,2626.0,30884.0,13503997.0,15152526.0,13843358.0,2.4514355548
499,20211014,337679.0,303719.0,1296534.0,2618.0,31342.0,13472153.0,15106366.0,13809832.0,2.4452071538
500,20211013,335742.0,302066.0,1285868.0,2605.0,31071.0,13440810.0,15062420.0,13776552.0,2.4370539159
501,20211012,334163.0,299260.0,1276809.0,2594.0,32309.0,13396612.0,15007584.0,13730775.0,2.4336790894
502,20211011,332816.0,298022.0,1255745.0,2583.0,32211.0,13388858.0,14977419.0,13721674.0,2.4254766583
503,20211008,327976.0,292091.0,1232857.0,2554.0,33331.0,13321368.0,14882201.0,13649344.0,2.4028700573
504,20211007,325804.0,288822.0,1239741.0,2544.0,34438.0,13268433.0,14833978.0,13594237.0,2.3966332203
505,20211006,323379.0,287040.0,1219801.0,2536.0,33803.0,13237771.0,14780951.0,13561150.0,2.3845986512
506,20211005,321352.0,284197.0,1228509.0,2524.0,34631.0,13181779.0,14731640.0,13503131.0,2.3798332401
507,20211004,319777.0,282669.0,1216193.0,2513.0,34595.0,13165254.0,14701224.0,13485031.0,2.3713479042
508,20211003,318105.0,278847.0,1202878.0,2507.0,36751.0,13154144.0,14675127.0,13472249.0,2.3611870594
509,20211002,316020.0,277092.0,1179529.0,2504.0,36424.0,13149148.0,14644697.0,13465168.0,2.346944353
510,20211001,313773.0,275576.0,1169025.0,2497.0,35700.0,13113426.0,14596224.0,13427199.0,2.3368462774
511,20210930,311289.0,274205.0,1149658.0,2481.0,34603.0,13083311.0,14544258.0,13394600.0,2.3239887715
512,20210929,308725.0,272724.0,1137617.0,2474.0,33527.0,13038918.0,14485260.0,13347643.0,2.3129551786
513,20210928,305842.0,270928.0,1135394.0,2464.0,32450.0,12984337.0,14425573.0,13290179.0,2.3012632109
514,20210927,303553.0,269132.0,1120111.0,2456.0,31965.0,12942271.0,14365935.0,13245824.0,2.2916883087
515,20210926,301172.0,268140.0,1096862.0,2450.0,30582.0,12927904.0,14325938.0,13229076.0,2.2765913507
516,20210925,298402.0,266414.0,1056223.0,2441.0,29547.0,12930715.0,14285340.0,13229117.0,2.2556456337
517,20210924,295132.0,264492.0,1030500.0,2434.0,28206.0,12896053.0,14221685.0,13191185.0,2.237342589
518,20210923,292699.0,262842.0,1034720.0,2427.0,27430.0,12823650.0,14151069.0,13116349.0,2.2315584923
519,20210922,290983.0,261812.0,997996.0,2419.0,26752.0,12823456.0,14112435.0,13114439.0,2.2187986844
520,20210921,289263.0,260090.0,965875.0,2413.0,26760.0,12826146.0,14081284.0,13115409.0,2.2055202395
521,20210920,287536.0,259011.0,953532.0,2409.0,26116.0,12809907.0,14050975.0,13097443.0,2.1953598118
522,20210919,285931.0,257449.0,932234.0,2404.0,26078.0,12802333.0,14020498.0,13088264.0,2.1846365568
523,20210918,284022.0,256029.0,917857.0,2394.0,25599.0,12784737.0,13986616.0,13068759.0,2.1732897515
524,20210917,281938.0,254094.0,921233.0,2389.0,25455.0,12735788.0,13938959.0,13017726.0,2.1658006936
525,20210914,275910.0,247647.0,914400.0,2367.0,25896.0,12599919.0,13790229.0,12875829.0,2.1428523165
526,20210913,274415.0,245505.0,925739.0,2360.0,26550.0,12535589.0,13735743.0,12810004.0,2.1421929298
527,20210911,271227.0,242960.0,895077.0,2358.0,25909.0,12499159.0,13665463.0,12770386.0,2.1238747207
528,20210910,269362.0,240733.0,888674.0,2348.0,26281.0,12457022.0,13615058.0,12726384.0,2.1165635108
529,20210909,267470.0,238920.0,897924.0,2343.0,26207.0,12403479.0,13568873.0,12670949.0,2.1108916151
530,20210908,265423.0,237286.0,898494.0,2334.0,25803.0,12355753.0,13519670.0,12621176.0,2.1029973752
531,20210907,263374.0,235225.0,886983.0,2330.0,25819.0,12318059.0,13468416.0,12581433.0,2.0933545487
532,20210906,261778.0,233695.0,891318.0,2327.0,25756.0,12263652.0,13416748.0,12525430.0,2.0899721606
533,20210905,260403.0,232334.0,874694.0,2321.0,25748.0,12247641.0,13382738.0,12508044.0,2.0818842658
534,20210904,258913.0,230405.0,850535.0,2315.0,26193.0,12240913.0,13350361.0,12499826.0,2.0713328329
535,20210903,257110.0,228618.0,825198.0,2308.0,26184.0,12204374.0,13286682.0,12461484.0,2.0632374121
536,20210902,255401.0,226222.0,819939.0,2303.0,26876.0,12148175.0,13223515.0,12403576.0,2.0590916684
537,20210901,253445.0,224319.0,780979.0,2292.0,26834.0,12117722.0,13152146.0,12371167.0,2.0486749552
538,20210831,251421.0,221701.0,751241.0,2285.0,27435.0,12092056.0,13094718.0,12343477.0,2.0368734028
539,20210830,250051.0,220358.0,766807.0,2284.0,27409.0,12032826.0,13049684.0,12282877.0,2.0357689814
540,20210829,248568.0,218726.0,762594.0,2279.0,27563.0,12004765.0,13015927.0,12253333.0,2.0285745927
541,20210828,246951.0,216989.0,743177.0,2276.0,27686.0,11993364.0,12983492.0,12240315.0,2.0175216078
542,20210827,245158.0,214673.0,718479.0,2265.0,28220.0,11964158.0,12927795.0,12209316.0,2.0079585129
543,20210826,243317.0,212871.0,710599.0,2257.0,28189.0,11912886.0,12866802.0,12156203.0,2.0015871732
544,20210825,241439.0,211177.0,697586.0,2237.0,28025.0,11867588.0,12806613.0,12109027.0,1.9938761388
545,20210824,239287.0,209193.0,688192.0,2228.0,27866.0,11822279.0,12749758.0,12061566.0,1.9838800368
546,20210823,237782.0,207601.0,689243.0,2222.0,27959.0,11767004.0,12694029.0,12004786.0,1.9807266868
547,20210822,236366.0,206276.0,678447.0,2215.0,27875.0,11749530.0,12664343.0,11985896.0,1.9720344645
548,20210821,234739.0,204518.0,667998.0,2202.0,28019.0,11729864.0,12632601.0,11964603.0,1.9619455823
549,20210820,232859.0,202775.0,659590.0,2197.0,27887.0,11674560.0,12567009.0,11907419.0,1.9555791225
550,20210819,230808.0,201235.0,652740.0,2191.0,27382.0,11635156.0,12518704.0,11865964.0,1.9451264136
551,20210818,228657.0,199582.0,634727.0,2178.0,26897.0,11598301.0,12461685.0,11826958.0,1.9333542911
552,20210817,226854.0,197224.0,620680.0,2173.0,27457.0,11557443.0,12404977.0,11784297.0,1.9250533145
553,20210816,225481.0,196198.0,595225.0,2167.0,27116.0,11552071.0,12372777.0,11777552.0,1.9144980213
554,20210815,223928.0,195103.0,585131.0,2156.0,26669.0,11535659.0,12344718.0,11759587.0,1.9042165341
555,20210814,222111.0,193778.0,562705.0,2148.0,26185.0,11524464.0,12309280.0,11746575.0,1.8908575478
556,20210813,220182.0,192248.0,539535.0,2144.0,25790.0,11498250.0,12257967.0,11718432.0,1.8789373868
557,20210812,218192.0,190535.0,510096.0,2138.0,25519.0,11478954.0,12207242.0,11697146.0,1.8653439052
558,20210811,216206.0,189506.0,488067.0,2135.0,24565.0,11451927.0,12156200.0,11668133.0,1.8529613949
559,20210810,213987.0,187523.0,465922.0,2134.0,24330.0,11432177.0,12112086.0,11646164.0,1.8374032857
560,20210809,212448.0,186242.0,467508.0,2125.0,24081.0,11377875.0,12057831.0,11590323.0,1.8329773898
561,20210808,210956.0,185003.0,466279.0,2121.0,23832.0,11350208.0,12027443.0,11561164.0,1.8246951604
562,20210807,209228.0,183789.0,444937.0,2116.0,23323.0,11341763.0,11995928.0,11550991.0,1.8113424207
563,20210806,207406.0,182052.0,427050.0,2113.0,23241.0,11317196.0,11951652.0,11524602.0,1.7996803707
564,20210805,205702.0,180719.0,415489.0,2109.0,22874.0,11287245.0,11908436.0,11492947.0,1.7898107421
565,20210804,203926.0,179123.0,397889.0,2106.0,22697.0,11262430.0,11864245.0,11466356.0,1.7784726028
566,20210803,202203.0,177909.0,398300.0,2104.0,22190.0,11219513.0,11820016.0,11421716.0,1.7703381873
567,20210802,201002.0,176605.0,387170.0,2099.0,22298.0,11184433.0,11772605.0,11385435.0,1.765431009
568,20210801,199787.0,175674.0,378600.0,2098.0,22015.0,11173399.0,11751786.0,11373186.0,1.756649368
569,20210731,198345.0,174177.0,369201.0,2095.0,22073.0,11161275.0,11728821.0,11359620.0,1.746053125
570,20210730,196806.0,172757.0,357215.0,2089.0,21960.0,11128947.0,11682968.0,11325753.0,1.7376857856
571,20210729,195099.0,171559.0,342326.0,2085.0,21455.0,11100081.0,11637506.0,11295180.0,1.7272765905
572,20210728,193427.0,170494.0,323954.0,2083.0,20850.0,11068234.0,11585615.0,11261661.0,1.7175707917
573,20210727,191531.0,168629.0,309414.0,2079.0,20823.0,11027664.0,11528609.0,11219195.0,1.7071723951
574,20210726,190166.0,167365.0,281003.0,2077.0,20724.0,11001177.0,11472346.0,11191343.0,1.6992241235
575,20210725,188848.0,166375.0,274761.0,2073.0,20400.0,10969738.0,11433347.0,11158586.0,1.6924008113
576,20210724,187362.0,165246.0,274697.0,2068.0,20048.0,10968466.0,11430525.0,11155828.0,1.6794988233
577,20210723,185733.0,164206.0,278011.0,2066.0,19461.0,10924561.0,11388305.0,11110294.0,1.6717199382
578,20210722,184103.0,163073.0,269496.0,2063.0,18967.0,10890319.0,11343918.0,11074422.0,1.6624163319
579,20210721,182265.0,161634.0,252187.0,2060.0,18571.0,10864225.0,11298677.0,11046490.0,1.6499811252
580,20210720,180481.0,160347.0,244671.0,2059.0,18075.0,10826835.0,11251987.0,11007316.0,1.63964585
581,20210719,179203.0,159630.0,240689.0,2058.0,17515.0,10782542.0,11202434.0,10961745.0,1.6348035828
582,20210718,177951.0,158953.0,235438.0,2057.0,16941.0,10762592.0,11175981.0,10940543.0,1.6265280434
583,20210717,176500.0,157960.0,227636.0,2055.0,16485.0,10745090.0,11149226.0,10921590.0,1.6160650601
584,20210716,175046.0,157113.0,218192.0,2051.0,15882.0,10715346.0,11108584.0,10890392.0,1.6073434271
585,20210715,173511.0,156509.0,204479.0,2050.0,14952.0,10682466.0,11060456.0,10855977.0,1.5982992594
586,20210714,171911.0,155491.0,181905.0,2048.0,14372.0,10655043.0,11008859.0,10826954.0,1.5878057669
587,20210713,170296.0,154752.0,179130.0,2046.0,13498.0,10614873.0,10964299.0,10785169.0,1.5789831387
588,20210712,169146.0,154187.0,174671.0,2044.0,12915.0,10576081.0,10919898.0,10745227.0,1.5741500854
589,20210710,166722.0,153153.0,169719.0,2038.0,11531.0,10545199.0,10881640.0,10711921.0,1.5564155112
590,20210709,165344.0,152498.0,160468.0,2036.0,10810.0,10518405.0,10844217.0,10683749.0,1.5476215324
591,20210708,164028.0,151923.0,151158.0,2034.0,10071.0,10487596.0,10802782.0,10651624.0,1.5399341921
592,20210707,162753.0,151500.0,142748.0,2033.0,9220.0,10461001.0,10766502.0,10623754.0,1.5319725965
593,20210706,161541.0,150760.0,141699.0,2032.0,8749.0,10432476.0,10735716.0,10594017.0,1.5248323652
594,20210705,160795.0,150044.0,134893.0,2028.0,8723.0,10404446.0,10700134.0,10565241.0,1.5219245826
595,20210704,160084.0,149614.0,136297.0,2026.0,8444.0,10388744.0,10685125.0,10548828.0,1.5175524712
596,20210703,159342.0,149132.0,133909.0,2025.0,8185.0,10377366.0,10670617.0,10536708.0,1.5122560101
597,20210702,158549.0,148319.0,130666.0,2024.0,8206.0,10352388.0,10641603.0,10510937.0,1.5084192779
598,20210701,157723.0,148024.0,124925.0,2021.0,7678.0,10331669.0,10614317.0,10489392.0,1.5036429184
599,20210630,156961.0,147693.0,114110.0,2018.0,7250.0,10308001.0,10579072.0,10464962.0,1.4998716669
600,20210629,156167.0,147077.0,116858.0,2017.0,7073.0,10282716.0,10555741.0,10438883.0,1.4960125523
601,20210628,155572.0,146675.0,114843.0,2015.0,6882.0,10250514.0,10520929.0,10406086.0,1.4950097471
602,20210627,155071.0,146340.0,116376.0,2013.0,6718.0,10237231.0,10508678.0,10392302.0,1.4921718017
603,20210626,154457.0,145989.0,114573.0,2012.0,6456.0,10226486.0,10495516.0,10380943.0,1.4878898766
604,20210625,153789.0,145389.0,122188.0,2009.0,6391.0,10190568.0,10466545.0,10344357.0,1.4866946297
605,20210624,153155.0,144788.0,120971.0,2008.0,6359.0,10164656.0,10438782.0,10317811.0,1.4843749318
606,20210623,152545.0,144379.0,129791.0,2007.0,6159.0,10127613.0,10409949.0,10280158.0,1.4838779715
607,20210622,151901.0,143817.0,127127.0,2006.0,6078.0,10101015.0,10380043.0,10252916.0,1.4815394956
608,20210621,151506.0,143268.0,128433.0,2004.0,6234.0,10066108.0,10346047.0,10217614.0,1.4827923622
609,20210620,151149.0,142899.0,131062.0,2002.0,6248.0,10053423.0,10335634.0,10204572.0,1.4811890199
610,20210619,150720.0,142385.0,128721.0,1997.0,6338.0,10043713.0,10323154.0,10194433.0,1.4784539758
611,20210618,150238.0,141816.0,125837.0,1996.0,6426.0,10017973.0,10294048.0,10168211.0,1.4775263809
612,20210617,149731.0,141029.0,121319.0,1994.0,6708.0,9986786.0,10257836.0,10136517.0,1.4771444668
613,20210616,149191.0,140438.0,118764.0,1993.0,6760.0,9961429.0,10229384.0,10110620.0,1.4755870559
614,20210615,148647.0,139733.0,123664.0,1992.0,6922.0,9924159.0,10196470.0,10072806.0,1.4757258305
615,20210614,148273.0,139022.0,123424.0,1988.0,7263.0,9893800.0,10165497.0,10042073.0,1.4765178464
616,20210613,147874.0,138581.0,124517.0,1985.0,7308.0,9880516.0,10152907.0,10028390.0,1.4745537419
617,20210612,147422.0,138037.0,122200.0,1982.0,7403.0,9870913.0,10140535.0,10018335.0,1.4715219644
618,20210611,146859.0,137224.0,133753.0,1981.0,7654.0,9830452.0,10111064.0,9977311.0,1.4719296612
619,20210610,146303.0,136713.0,130327.0,1979.0,7611.0,9800232.0,10076862.0,9946535.0,1.4708941354
620,20210609,145692.0,136174.0,131424.0,1977.0,7541.0,9767667.0,10044783.0,9913359.0,1.4696532224
621,20210608,145091.0,135412.0,139260.0,1975.0,7704.0,9724233.0,10008584.0,9869324.0,1.4701209525
622,20210607,144637.0,134861.0,136526.0,1974.0,7802.0,9691134.0,9972297.0,9835771.0,1.4705202062
623,20210606,144152.0,134262.0,136465.0,1973.0,7917.0,9679080.0,9959697.0,9823232.0,1.4674599968
624,20210605,143596.0,133763.0,137164.0,1971.0,7862.0,9665194.0,9945954.0,9808790.0,1.4639522306
625,20210604,142852.0,133289.0,133844.0,1969.0,7594.0,9634628.0,9911324.0,9777480.0,1.4610308586
626,20210603,142157.0,132699.0,129822.0,1968.0,7490.0,9600345.0,9872324.0,9742502.0,1.4591426309
627,20210602,141476.0,132068.0,128917.0,1965.0,7443.0,9563957.0,9834350.0,9705433.0,1.4576990021
628,20210601,140799.0,131463.0,127612.0,1963.0,7373.0,9529991.0,9798402.0,9670790.0,1.4559203539
629,20210531,140340.0,130823.0,127953.0,1959.0,7558.0,9492865.0,9761158.0,9633205.0,1.4568360166
630,20210530,139910.0,130381.0,126493.0,1957.0,7572.0,9481211.0,9747614.0,9621121.0,1.4541964496
631,20210529,139431.0,129739.0,123790.0,1951.0,7741.0,9470370.0,9733591.0,9609801.0,1.4509249463
632,20210528,138898.0,128761.0,122872.0,1946.0,8191.0,9440686.0,9702456.0,9579584.0,1.4499377008
633,20210527,138311.0,128180.0,122659.0,1943.0,8188.0,9404723.0,9665693.0,9543034.0,1.4493399059
634,20210526,137682.0,127582.0,121069.0,1940.0,8160.0,9370707.0,9629458.0,9508389.0,1.4480055454
635,20210525,136983.0,126993.0,117098.0,1938.0,8052.0,9338646.0,9592727.0,9475629.0,1.4456349019
636,20210524,136467.0,126427.0,120704.0,1934.0,8106.0,9296442.0,9553613.0,9432909.0,1.4467117195
637,20210523,135929.0,125881.0,122235.0,1931.0,8117.0,9278135.0,9536299.0,9414064.0,1.4438928819
638,20210522,135344.0,125032.0,117558.0,1926.0,8386.0,9268064.0,9520966.0,9403408.0,1.4393079615
639,20210521,134678.0,124158.0,114144.0,1922.0,8598.0,9238286.0,9487108.0,9372964.0,1.4368773847
640,20210520,134117.0,123659.0,108873.0,1916.0,8542.0,9204368.0,9447358.0,9338485.0,1.4361751397
641,20210519,133471.0,123237.0,104494.0,1912.0,8322.0,9190679.0,9428644.0,9324150.0,1.4314548779
642,20210518,132818.0,122631.0,103413.0,1904.0,8283.0,9158773.0,9395004.0,9291591.0,1.4294430308
643,20210517,132290.0,122163.0,101804.0,1903.0,8224.0,9119206.0,9353300.0,9251496.0,1.4299308998
644,20210516,131671.0,121764.0,101663.0,1900.0,8007.0,9103280.0,9336614.0,9234951.0,1.4257899148
645,20210515,131061.0,121282.0,99216.0,1896.0,7883.0,9088817.0,9319094.0,9219878.0,1.4215047097
646,20210514,130380.0,120395.0,95208.0,1893.0,8092.0,9055703.0,9281291.0,9186083.0,1.4193209445
647,20210513,129633.0,119906.0,87517.0,1891.0,7836.0,9024003.0,9241153.0,9153636.0,1.4161913364
648,20210512,128918.0,119373.0,84279.0,1884.0,7661.0,8988342.0,9201539.0,9117260.0,1.4139993813
649,20210511,128283.0,118717.0,84628.0,1879.0,7687.0,8951373.0,9164284.0,9079656.0,1.4128618969
650,20210510,127772.0,117844.0,83398.0,1875.0,8053.0,8910889.0,9122059.0,9038661.0,1.4136164637
651,20210509,127309.0,117423.0,81280.0,1874.0,8012.0,8897182.0,9105771.0,9024491.0,1.410705601
652,20210508,126745.0,116881.0,78259.0,1865.0,7999.0,8884162.0,9089166.0,9010907.0,1.4065731673
653,20210507,126044.0,116022.0,78896.0,1860.0,8162.0,8846414.0,9051354.0,8972458.0,1.4047878518
654,20210506,125519.0,115491.0,77055.0,1851.0,8177.0,8808418.0,9010992.0,8933937.0,1.4049684926
655,20210505,124945.0,114944.0,78995.0,1847.0,8154.0,8790129.0,8994069.0,8915074.0,1.4015026684
656,20210504,124269.0,114128.0,78096.0,1840.0,8301.0,8754790.0,8957155.0,8879059.0,1.3995739863
657,20210503,123728.0,113356.0,89022.0,1834.0,8538.0,8702576.0,8915326.0,8826304.0,1.4018098628
658,20210502,123240.0,112865.0,86607.0,1833.0,8542.0,8688387.0,8898234.0,8811627.0,1.3986066364
659,20210501,122634.0,112337.0,85212.0,1831.0,8466.0,8675542.0,8883388.0,8798176.0,1.3938570903
660,20210430,122007.0,111422.0,82511.0,1828.0,8757.0,8643774.0,8848292.0,8765781.0,1.3918554433
661,20210429,121351.0,110787.0,80392.0,1825.0,8739.0,8604036.0,8805779.0,8725387.0,1.3907807183
662,20210428,120673.0,110248.0,77166.0,1821.0,8604.0,8568659.0,8766498.0,8689332.0,1.3887488704
663,20210427,119898.0,109695.0,76508.0,1820.0,8383.0,8525203.0,8721609.0,8645101.0,1.3868895227
664,20210424,118243.0,107781.0,78269.0,1812.0,8650.0,8436411.0,8632923.0,8554654.0,1.3822066912
665,20210423,117458.0,107071.0,69939.0,1811.0,8576.0,8396133.0,8583530.0,8513591.0,1.3796528397
666,20210422,116661.0,106459.0,67139.0,1808.0,8394.0,8353705.0,8537505.0,8470366.0,1.3772840512
667,20210421,115926.0,105877.0,67211.0,1806.0,8243.0,8314457.0,8497594.0,8430383.0,1.3750976675
668,20210420,115195.0,105227.0,66590.0,1802.0,8166.0,8276807.0,8458592.0,8392002.0,1.3726760312
669,20210419,114646.0,104474.0,70763.0,1801.0,8371.0,8229412.0,8414821.0,8344058.0,1.3739837378
670,20210418,114115.0,104006.0,72191.0,1797.0,8312.0,8209761.0,8396067.0,8323876.0,1.3709358476
671,20210417,113444.0,103594.0,71039.0,1794.0,8056.0,8193296.0,8377779.0,8306740.0,1.3656861777
672,20210416,112789.0,103062.0,70883.0,1790.0,7937.0,8149660.0,8333332.0,8262449.0,1.3650795302
673,20210415,112117.0,102513.0,70221.0,1788.0,7816.0,8108788.0,8291126.0,8220905.0,1.3638036201
674,20210414,111419.0,101983.0,74627.0,1782.0,7654.0,8059342.0,8245388.0,8170761.0,1.3636306336
675,20210413,110688.0,101332.0,85584.0,1775.0,7581.0,8004247.0,8200519.0,8114935.0,1.3640035317
676,20210412,110146.0,100804.0,95248.0,1770.0,7572.0,7947389.0,8152783.0,8057535.0,1.3669937518
677,20210411,109559.0,100109.0,91909.0,1768.0,7682.0,7928064.0,8129532.0,8037623.0,1.3630771186
678,20210410,108945.0,99301.0,90014.0,1765.0,7879.0,7907671.0,8106630.0,8016616.0,1.358989878
679,20210409,108269.0,98786.0,81912.0,1764.0,7719.0,7868932.0,8059113.0,7977201.0,1.357230437
680,20210408,107598.0,98360.0,77994.0,1758.0,7480.0,7826829.0,8012421.0,7934427.0,1.3560903641
681,20210407,106898.0,97928.0,74642.0,1756.0,7214.0,7784627.0,7966167.0,7891525.0,1.3545924266
682,20210406,106230.0,97363.0,79155.0,1752.0,7115.0,7735905.0,7921290.0,7842135.0,1.3546056016
683,20210405,105752.0,96900.0,80497.0,1748.0,7104.0,7682571.0,7868820.0,7788323.0,1.3578276093
684,20210404,105279.0,96589.0,79799.0,1744.0,6946.0,7664398.0,7849476.0,7769677.0,1.3549984124
685,20210403,104736.0,96196.0,75288.0,1740.0,6800.0,7649577.0,7829601.0,7754313.0,1.3506805825
686,20210402,104194.0,95861.0,70752.0,1737.0,6596.0,7613349.0,7788295.0,7717543.0,1.3500928987
687,20210401,103639.0,95439.0,68659.0,1735.0,6465.0,7575005.0,7747303.0,7678644.0,1.349704453
688,20210331,103088.0,95030.0,71302.0,1731.0,6327.0,7533410.0,7707800.0,7636498.0,1.3499381522
689,20210330,102582.0,94563.0,78424.0,1729.0,6290.0,7482993.0,7663999.0,7585575.0,1.3523299156
690,20210329,102141.0,94124.0,78938.0,1726.0,6291.0,7435252.0,7616331.0,7537393.0,1.3551237145
691,20210328,101757.0,93855.0,78605.0,1722.0,6180.0,7415234.0,7595596.0,7516991.0,1.353693253
692,20210327,101275.0,93475.0,75174.0,1721.0,6079.0,7396119.0,7572568.0,7497394.0,1.3508026922
693,20210326,100770.0,92630.0,77409.0,1716.0,6424.0,7351224.0,7529403.0,7451994.0,1.3522555171
694,20210325,100276.0,92068.0,86983.0,1709.0,6499.0,7298600.0,7485859.0,7398876.0,1.3552869381
695,20210324,99846.0,91560.0,94326.0,1707.0,6579.0,7247038.0,7441210.0,7346884.0,1.3590251322
696,20210323,99421.0,91079.0,100172.0,1704.0,6638.0,7201397.0,7400990.0,7300818.0,1.3617789129
697,20210322,99075.0,90611.0,103132.0,1697.0,6767.0,7153757.0,7355964.0,7252832.0,1.3660181291
698,20210321,98665.0,90328.0,98308.0,1696.0,6641.0,7135741.0,7332714.0,7234406.0,1.3638300089
699,20210320,98209.0,89949.0,93018.0,1693.0,6567.0,7117723.0,7308950.0,7215932.0,1.3610022932
700,20210319,97757.0,89523.0,88341.0,1690.0,6544.0,7078843.0,7264941.0,7176600.0,1.3621631413
701,20210318,97294.0,89178.0,89722.0,1688.0,6428.0,7031071.0,7218087.0,7128365.0,1.3648852156
702,20210317,96849.0,88814.0,83462.0,1686.0,6349.0,6991199.0,7171510.0,7088048.0,1.3663705437
703,20210316,96380.0,88255.0,78044.0,1678.0,6447.0,6951653.0,7126077.0,7048033.0,1.3674737334
704,20210315,96017.0,87754.0,71590.0,1675.0,6588.0,6917333.0,7084940.0,7013350.0,1.3690604347
705,20210314,95635.0,87408.0,69843.0,1669.0,6558.0,6900923.0,7066401.0,6996558.0,1.3668864032
706,20210313,95176.0,86625.0,67874.0,1667.0,6884.0,6883732.0,7046782.0,6978908.0,1.3637663657
707,20210312,94686.0,85743.0,68738.0,1662.0,7281.0,6849240.0,7012664.0,6943926.0,1.3635801994
708,20210311,94198.0,84675.0,68248.0,1652.0,7871.0,6814539.0,6976985.0,6908737.0,1.3634619468
709,20210310,93733.0,84312.0,70278.0,1648.0,7773.0,6774873.0,6938884.0,6868606.0,1.3646582727
710,20210309,93263.0,83900.0,70501.0,1645.0,7718.0,6739220.0,6902984.0,6832483.0,1.3649942487
711,20210308,92817.0,83474.0,67394.0,1642.0,7701.0,6701598.0,6861809.0,6794415.0,1.3660778742
712,20210307,92471.0,83220.0,66396.0,1634.0,7617.0,6684259.0,6843126.0,6776730.0,1.3645371735
713,20210306,92055.0,82913.0,65171.0,1632.0,7510.0,6664717.0,6821943.0,6756772.0,1.3624109264
714,20210305,91638.0,82560.0,63707.0,1627.0,7451.0,6633666.0,6789011.0,6725304.0,1.3625852452
715,20210304,91240.0,82162.0,60089.0,1619.0,7459.0,6600571.0,6751900.0,6691811.0,1.3634575154
716,20210303,90816.0,81700.0,65867.0,1612.0,7504.0,6559520.0,6716203.0,6650336.0,1.3655851373
717,20210302,90372.0,81338.0,73432.0,1606.0,7428.0,6518172.0,6681976.0,6608544.0,1.3675024332
718,20210301,90029.0,81070.0,73745.0,1605.0,7354.0,6501981.0,6665755.0,6592010.0,1.3657291175
719,20210228,89676.0,80697.0,72889.0,1603.0,7376.0,6486441.0,6649006.0,6576117.0,1.3636618691
720,20210227,89321.0,80333.0,68989.0,1595.0,7393.0,6468905.0,6627215.0,6558226.0,1.3619689226
721,20210226,88922.0,79880.0,68942.0,1585.0,7457.0,6432202.0,6590066.0,6521124.0,1.3635992813
722,20210225,88516.0,79487.0,68672.0,1581.0,7448.0,6394026.0,6551214.0,6482542.0,1.3654520094
723,20210224,88120.0,79050.0,74988.0,1576.0,7494.0,6347880.0,6510988.0,6436000.0,1.3691733996
724,20210223,87681.0,78394.0,74065.0,1573.0,7714.0,6310933.0,6472679.0,6398614.0,1.3703123832
725,20210222,87324.0,77887.0,72461.0,1562.0,7875.0,6269359.0,6429144.0,6356683.0,1.373735327
726,20210221,86992.0,77516.0,73356.0,1557.0,7919.0,6250992.0,6411340.0,6337984.0,1.3725500095
727,20210220,86576.0,77083.0,76137.0,1553.0,7940.0,6227918.0,6390631.0,6314494.0,1.3710678955
728,20210219,86128.0,76513.0,71116.0,1550.0,8065.0,6188748.0,6345992.0,6274876.0,1.3725848925
729,20210218,85567.0,75896.0,70720.0,1544.0,8127.0,6146927.0,6303214.0,6232494.0,1.3729174869
730,20210217,84946.0,75360.0,72410.0,1538.0,8048.0,6103211.0,6260567.0,6188157.0,1.3727188886
731,20210216,84325.0,74551.0,76897.0,1534.0,8240.0,6052268.0,6213490.0,6136593.0,1.3741338231
732,20210215,83869.0,73794.0,80146.0,1527.0,8548.0,5998845.0,6162860.0,6082714.0,1.3788088672
733,20210214,83525.0,73559.0,78200.0,1522.0,8444.0,5978361.0,6140086.0,6061886.0,1.3778715073
734,20210213,83199.0,73227.0,70251.0,1514.0,8458.0,5961887.0,6115337.0,6045086.0,1.3763079631
735,20210212,82837.0,72936.0,80861.0,1507.0,8394.0,5929671.0,6093369.0,6012508.0,1.3777445285
736,20210211,82434.0,72638.0,81614.0,1496.0,8300.0,5905960.0,6070008.0,5988394.0,1.3765627311
737,20210210,81930.0,72226.0,80076.0,1486.0,8218.0,5868017.0,6030023.0,5949947.0,1.3769870555
738,20210209,81487.0,71676.0,82630.0,1482.0,8329.0,5823289.0,5987406.0,5904776.0,1.3800184799
739,20210208,81185.0,71218.0,84843.0,1474.0,8493.0,5772169.0,5938197.0,5853354.0,1.3869825744
740,20210207,80896.0,70865.0,90751.0,1471.0,8560.0,5745328.0,5916975.0,5826224.0,1.3884807724
741,20210206,80524.0,70505.0,97677.0,1464.0,8555.0,5715152.0,5893353.0,5795676.0,1.3893806348
742,20210205,80131.0,70117.0,107457.0,1459.0,8555.0,5659590.0,5847178.0,5739721.0,1.3960783111
743,20210204,79762.0,69704.0,120538.0,1448.0,8610.0,5602795.0,5803095.0,5682557.0,1.4036286833
744,20210203,79311.0,69299.0,138849.0,1441.0,8571.0,5538554.0,5756714.0,5617865.0,1.4117640776
745,20210202,78844.0,68775.0,154265.0,1435.0,8634.0,5478304.0,5711413.0,5557148.0,1.4187853193
746,20210201,78508.0,68309.0,149456.0,1425.0,8774.0,5433878.0,5661842.0,5512386.0,1.4242108589
747,20210129,77395.0,66503.0,142753.0,1399.0,9493.0,5349116.0,5569264.0,5426511.0,1.426238701
748,20210128,76926.0,66016.0,139424.0,1386.0,9524.0,5305839.0,5522189.0,5382765.0,1.42911682
749,20210127,76429.0,65478.0,138427.0,1378.0,9573.0,5254391.0,5469247.0,5330820.0,1.4337193902
750,20210126,75875.0,64793.0,138624.0,1371.0,9711.0,5208269.0,5422768.0,5284144.0,1.4358995515
751,20210125,75521.0,62956.0,134549.0,1360.0,11205.0,5166016.0,5376086.0,5241537.0,1.4408178364
752,20210124,75084.0,62530.0,135765.0,1349.0,11205.0,5143500.0,5354349.0,5218584.0,1.4387810946
753,20210123,74692.0,62044.0,136629.0,1337.0,11311.0,5118386.0,5329707.0,5193078.0,1.4382992129
754,20210122,74262.0,61415.0,133132.0,1328.0,11519.0,5074830.0,5282224.0,5149092.0,1.4422348639
755,20210121,73918.0,60846.0,141070.0,1316.0,11756.0,5022620.0,5237608.0,5096538.0,1.4503570855
756,20210120,73518.0,60180.0,148141.0,1300.0,12038.0,4970470.0,5192129.0,5043988.0,1.4575371709
757,20210119,73115.0,59468.0,154345.0,1283.0,12364.0,4912866.0,5140326.0,4985981.0,1.4664115246
758,20210118,72729.0,58723.0,158035.0,1264.0,12742.0,4856456.0,5087220.0,4929185.0,1.4754771833
759,20210117,72340.0,58253.0,159385.0,1249.0,12838.0,4829565.0,5061290.0,4901905.0,1.475752794
760,20210116,71820.0,57554.0,155639.0,1236.0,13030.0,4804811.0,5032270.0,4876631.0,1.4727380439
761,20210115,71241.0,56536.0,162323.0,1217.0,13488.0,4744511.0,4978075.0,4815752.0,1.4793328227
762,20210114,70728.0,55772.0,169742.0,1195.0,13761.0,4684889.0,4925359.0,4755617.0,1.4872518119
763,20210113,70212.0,54636.0,182914.0,1185.0,14391.0,4619186.0,4872312.0,4689398.0,1.4972497535
764,20210112,69651.0,53569.0,186770.0,1165.0,14917.0,4557664.0,4814085.0,4627315.0,1.5052141468
765,20210111,69114.0,52552.0,189763.0,1140.0,15422.0,4492808.0,4751685.0,4561922.0,1.5150193273
766,20210110,68664.0,50409.0,191454.0,1125.0,17130.0,4463346.0,4723464.0,4532010.0,1.5150893312
767,20210109,67999.0,49324.0,185923.0,1100.0,17575.0,4435694.0,4689616.0,4503693.0,1.5098498054
768,20210108,67358.0,48369.0,190452.0,1081.0,17908.0,4372194.0,4630004.0,4439552.0,1.5172251614
769,20210107,66686.0,47649.0,191762.0,1046.0,17991.0,4311361.0,4569809.0,4378047.0,1.5231905916
770,20210106,65818.0,46995.0,192082.0,1027.0,17796.0,4246968.0,4504868.0,4312786.0,1.5261132826
771,20210105,64979.0,46172.0,193751.0,1007.0,17800.0,4180631.0,4439361.0,4245610.0,1.530498562
772,20210104,64264.0,45240.0,190732.0,981.0,18043.0,4121612.0,4376608.0,4185876.0,1.5352580917
773,20210103,63244.0,44507.0,186472.0,962.0,17775.0,4091122.0,4340838.0,4154366.0,1.5223502214
774,20210102,62593.0,43578.0,179387.0,942.0,18073.0,4060819.0,4302799.0,4123412.0,1.5179904409
775,20210101,61769.0,42953.0,176927.0,917.0,17899.0,4030622.0,4269318.0,4092391.0,1.5093621308
776,20201231,60740.0,42271.0,170338.0,900.0,17569.0,3982802.0,4213880.0,4043542.0,1.5021483639
777,20201230,59773.0,41435.0,171771.0,879.0,17459.0,3927978.0,4159522.0,3987751.0,1.4989150526
778,20201229,58725.0,40703.0,170962.0,859.0,17163.0,3868494.0,4098181.0,3927219.0,1.4953329569
779,20201228,57680.0,39268.0,169878.0,819.0,17593.0,3810749.0,4038307.0,3868429.0,1.4910445558
780,20201227,56872.0,39040.0,166976.0,808.0,17024.0,3782564.0,4006412.0,3839436.0,1.4812592266
781,20201226,55902.0,38532.0,157012.0,793.0,16577.0,3756501.0,3969415.0,3812403.0,1.4663192742
782,20201225,54770.0,38048.0,156789.0,773.0,15949.0,3727798.0,3939357.0,3782568.0,1.4479581067
783,20201224,53533.0,37425.0,150533.0,756.0,15352.0,3678144.0,3882210.0,3731677.0,1.434556099
784,20201223,52550.0,36726.0,153109.0,739.0,15085.0,3620912.0,3826571.0,3673462.0,1.4305306547
785,20201222,51460.0,35928.0,151129.0,722.0,14810.0,3569843.0,3772432.0,3621303.0,1.421035467
786,20201221,50591.0,35155.0,146438.0,698.0,14738.0,3516832.0,3713861.0,3567423.0,1.4181385274
787,20201220,49665.0,34722.0,139475.0,674.0,14269.0,3493954.0,3683094.0,3543619.0,1.4015332912
788,20201219,48570.0,34334.0,126233.0,659.0,13577.0,3471444.0,3646247.0,3520014.0,1.3798240575
789,20201218,47515.0,33982.0,110618.0,645.0,12888.0,3431662.0,3589795.0,3479177.0,1.3656965426
790,20201217,46453.0,33610.0,99258.0,634.0,12209.0,3393129.0,3538840.0,3439582.0,1.3505420135
791,20201216,45442.0,32947.0,94784.0,612.0,11883.0,3348543.0,3488769.0,3393985.0,1.3388980799
792,20201215,44364.0,32559.0,93473.0,600.0,11205.0,3303383.0,3441220.0,3347747.0,1.325189747
793,20201214,43484.0,32102.0,89247.0,587.0,10795.0,3264308.0,3397039.0,3307792.0,1.3145929369
794,20201213,42766.0,31814.0,90129.0,580.0,10372.0,3241700.0,3374595.0,3284466.0,1.3020685858
795,20201212,41736.0,31493.0,86742.0,578.0,9665.0,3221386.0,3349864.0,3263122.0,1.2790205208
796,20201211,40786.0,31157.0,77688.0,572.0,9057.0,3192739.0,3311213.0,3233525.0,1.2613479097
797,20201210,40098.0,30637.0,72764.0,564.0,8897.0,3165085.0,3277947.0,3205183.0,1.2510362122
798,20201209,39432.0,30177.0,75080.0,556.0,8699.0,3138724.0,3253236.0,3178156.0,1.2407194612
799,20201208,38746.0,29650.0,71274.0,552.0,8544.0,3111297.0,3221317.0,3150043.0,1.2300149553
800,20201207,38161.0,29301.0,68010.0,549.0,8311.0,3103205.0,3209376.0,3141366.0,1.214789999
801,20201206,37546.0,29128.0,67716.0,545.0,7873.0,3089605.0,3194867.0,3127151.0,1.2006455716
802,20201205,36915.0,28917.0,66267.0,540.0,7458.0,3077314.0,3180496.0,3114229.0,1.1853656234
803,20201204,36332.0,28611.0,64017.0,536.0,7185.0,3057061.0,3157410.0,3093393.0,1.1745032073
804,20201203,35703.0,28352.0,65788.0,529.0,6822.0,3030395.0,3131886.0,3066098.0,1.1644441893
805,20201202,35163.0,28065.0,65154.0,526.0,6572.0,3006653.0,3106970.0,3041816.0,1.1559870814
806,20201201,34652.0,27885.0,64892.0,526.0,6241.0,2984453.0,3083997.0,3019105.0,1.1477573651
807,20201130,34201.0,27625.0,63365.0,526.0,6050.0,2963606.0,3061172.0,2997807.0,1.1408673073
808,20201129,33824.0,27542.0,62829.0,523.0,5759.0,2950318.0,3046971.0,2984142.0,1.1334581263
809,20201128,33375.0,27349.0,58794.0,522.0,5504.0,2939835.0,3032004.0,2973210.0,1.1225241405
810,20201127,32887.0,27103.0,56637.0,516.0,5268.0,2920053.0,3009577.0,2952940.0,1.1137036309
811,20201126,32318.0,26950.0,55361.0,515.0,4853.0,2900367.0,2988046.0,2932685.0,1.1019935656
812,20201125,31735.0,26825.0,55838.0,513.0,4397.0,2878832.0,2966405.0,2910567.0,1.0903373809
813,20201124,31353.0,26722.0,57769.0,510.0,4121.0,2857277.0,2946399.0,2888630.0,1.0853934217
814,20201123,31004.0,26539.0,56455.0,509.0,3956.0,2834676.0,2922135.0,2865680.0,1.0819072611
815,20201122,30733.0,26466.0,54029.0,505.0,3762.0,2824128.0,2908890.0,2854861.0,1.0765147585
816,20201121,30403.0,26365.0,51345.0,503.0,3535.0,2814998.0,2896746.0,2845401.0,1.0684961451
817,20201120,30017.0,26263.0,48143.0,501.0,3253.0,2795283.0,2873443.0,2825300.0,1.0624358475
818,20201119,29654.0,26098.0,45525.0,498.0,3058.0,2778664.0,2853843.0,2808318.0,1.0559345487
819,20201118,29311.0,25973.0,42688.0,496.0,2842.0,2762363.0,2834362.0,2791674.0,1.0499435105
820,20201117,28998.0,25860.0,41202.0,494.0,2644.0,2745555.0,2815755.0,2774553.0,1.0451413254
821,20201116,28769.0,25759.0,38314.0,494.0,2516.0,2730608.0,2797691.0,2759377.0,1.0425904108
822,20201115,28546.0,25691.0,36378.0,493.0,2362.0,2721954.0,2786878.0,2750500.0,1.037847664
823,20201114,28338.0,25636.0,34692.0,492.0,2210.0,2714259.0,2777289.0,2742597.0,1.0332542477
824,20201113,28133.0,25537.0,30119.0,488.0,2108.0,2703159.0,2761411.0,2731292.0,1.0300253506
825,20201112,27942.0,25404.0,29284.0,487.0,2051.0,2692546.0,2749772.0,2720488.0,1.0270951388
826,20201111,27799.0,25266.0,28688.0,487.0,2046.0,2680047.0,2736534.0,2707846.0,1.0266093418
827,20201110,27653.0,25160.0,27855.0,485.0,2008.0,2668452.0,2723960.0,2696105.0,1.0256648016
828,20201109,27553.0,25029.0,25802.0,480.0,2044.0,2655844.0,2709199.0,2683397.0,1.0267955132
829,20201108,27427.0,24968.0,25648.0,478.0,1981.0,2649805.0,2702880.0,2677232.0,1.0244536147
830,20201107,27284.0,24910.0,26217.0,477.0,1897.0,2643748.0,2697249.0,2671032.0,1.0214778407
831,20201106,27195.0,24821.0,25629.0,476.0,1898.0,2633490.0,2686314.0,2660685.0,1.0221052097
832,20201105,27050.0,24735.0,25062.0,475.0,1840.0,2621594.0,2673706.0,2648644.0,1.0212773026
833,20201104,26925.0,24616.0,24255.0,474.0,1835.0,2611080.0,2662260.0,2638005.0,1.020657656
834,20201103,26807.0,24510.0,25815.0,472.0,1825.0,2597237.0,2649859.0,2624044.0,1.0215911013
835,20201102,26732.0,24395.0,25524.0,468.0,1869.0,2584394.0,2636650.0,2611126.0,1.0237728857
836,20201101,26635.0,24357.0,24838.0,466.0,1812.0,2579157.0,2630630.0,2605792.0,1.02214605
837,20201031,26511.0,24311.0,25678.0,464.0,1736.0,2572303.0,2624492.0,2598814.0,1.0201191774
838,20201030,26385.0,24227.0,26373.0,463.0,1695.0,2559473.0,2612231.0,2585858.0,1.020357653
839,20201029,26271.0,24168.0,26148.0,462.0,1641.0,2545559.0,2597978.0,2571830.0,1.0214905339
840,20201028,26146.0,24073.0,22904.0,461.0,1612.0,2533910.0,2582960.0,2560056.0,1.0213057839
841,20201027,26043.0,23981.0,23003.0,460.0,1602.0,2518541.0,2567587.0,2544584.0,1.0234678831
842,20201026,25955.0,23905.0,20763.0,457.0,1593.0,2505546.0,2552264.0,2531501.0,1.0252810486
843,20201025,25836.0,23869.0,21682.0,457.0,1510.0,2498628.0,2546146.0,2524464.0,1.0234251706
844,20201024,25775.0,23834.0,21888.0,457.0,1484.0,2493016.0,2540679.0,2518791.0,1.0233084047
845,20201023,25698.0,23717.0,20430.0,455.0,1526.0,2482493.0,2528621.0,2508191.0,1.0245631213
846,20201022,25543.0,23647.0,19813.0,453.0,1443.0,2469969.0,2515325.0,2495512.0,1.0235574904
847,20201021,25424.0,23584.0,19493.0,450.0,1390.0,2458574.0,2503491.0,2483998.0,1.023511291
848,20201020,25333.0,23466.0,19379.0,447.0,1420.0,2446599.0,2491311.0,2471932.0,1.0248259256
849,20201019,25275.0,23368.0,16763.0,444.0,1463.0,2437188.0,2479226.0,2462463.0,1.0264113613
850,20201018,25199.0,23312.0,17781.0,444.0,1443.0,2431549.0,2474529.0,2456748.0,1.0257055261
851,20201017,25108.0,23258.0,17318.0,443.0,1407.0,2426101.0,2468527.0,2451209.0,1.0243108604
852,20201016,25035.0,23180.0,17355.0,441.0,1414.0,2417036.0,2459426.0,2442071.0,1.0251544693
853,20201015,24988.0,23082.0,18262.0,439.0,1467.0,2407489.0,2450739.0,2432477.0,1.0272656226
854,20201014,24889.0,23030.0,18396.0,438.0,1421.0,2398169.0,2441454.0,2423058.0,1.027173101
855,20201013,24805.0,22863.0,20124.0,434.0,1508.0,2383842.0,2428771.0,2408647.0,1.0298312704
856,20201012,24703.0,22729.0,19192.0,433.0,1541.0,2371715.0,2415610.0,2396418.0,1.0308301807
857,20201011,24606.0,22693.0,19303.0,432.0,1481.0,2366574.0,2410483.0,2391180.0,1.0290316914
858,20201010,24548.0,22624.0,18982.0,430.0,1494.0,2361154.0,2404684.0,2385702.0,1.0289633826
859,20201009,24476.0,22569.0,20699.0,428.0,1479.0,2355058.0,2400233.0,2379534.0,1.0286047604
860,20201008,24422.0,22463.0,20978.0,427.0,1532.0,2343444.0,2388844.0,2367866.0,1.0313928237
861,20201007,24353.0,22334.0,22138.0,425.0,1594.0,2331582.0,2378073.0,2355935.0,1.0336872621
862,20201006,24239.0,22083.0,22737.0,422.0,1734.0,2318457.0,2365433.0,2342696.0,1.034662628
863,20201005,24164.0,21886.0,22447.0,422.0,1856.0,2305767.0,2352378.0,2329931.0,1.0371122578
864,20201004,24091.0,21845.0,22116.0,421.0,1825.0,2300138.0,2346345.0,2324229.0,1.036515765
865,20201003,24027.0,21787.0,21287.0,420.0,1820.0,2294545.0,2339859.0,2318572.0,1.0362844026
866,20201002,23952.0,21733.0,19995.0,416.0,1803.0,2289830.0,2333777.0,2313782.0,1.0351882761
867,20201001,23889.0,21666.0,20029.0,415.0,1808.0,2284517.0,2328435.0,2308406.0,1.0348699492
868,20200930,23812.0,21590.0,20596.0,413.0,1809.0,2278591.0,2322999.0,2302403.0,1.0342238087
869,20200929,23699.0,21470.0,20056.0,407.0,1822.0,2269289.0,2313044.0,2292988.0,1.0335422601
870,20200928,23661.0,21292.0,18587.0,406.0,1963.0,2259055.0,2301303.0,2282716.0,1.0365284161
871,20200927,23611.0,21248.0,18878.0,401.0,1962.0,2254028.0,2296517.0,2277639.0,1.0366436472
872,20200926,23516.0,21166.0,18508.0,399.0,1951.0,2248321.0,2290345.0,2271837.0,1.035109473
873,20200925,23455.0,20978.0,19575.0,395.0,2082.0,2237246.0,2280276.0,2260701.0,1.0375100466
874,20200924,23341.0,20832.0,20782.0,393.0,2116.0,2224876.0,2268999.0,2248217.0,1.0382004939
875,20200923,23216.0,20650.0,20527.0,388.0,2178.0,2213156.0,2256899.0,2236372.0,1.0381099387
876,20200922,23106.0,20441.0,23222.0,388.0,2277.0,2198784.0,2245112.0,2221890.0,1.0399254688
877,20200921,23045.0,20248.0,22536.0,385.0,2412.0,2186008.0,2231589.0,2209053.0,1.0432072023
878,20200920,22975.0,20158.0,24274.0,383.0,2434.0,2179452.0,2226701.0,2202427.0,1.0431673785
879,20200919,22893.0,19970.0,24705.0,378.0,2545.0,2171564.0,2219162.0,2194457.0,1.0432193476
880,20200918,22783.0,19771.0,25403.0,377.0,2635.0,2158179.0,2206365.0,2180962.0,1.0446307638
881,20200917,22657.0,19543.0,25508.0,372.0,2742.0,2143727.0,2191892.0,2166384.0,1.0458441347
882,20200916,22504.0,19310.0,25842.0,367.0,2827.0,2130486.0,2178832.0,2152990.0,1.0452440559
883,20200915,22391.0,18878.0,27310.0,367.0,3146.0,2114877.0,2164578.0,2137268.0,1.0476458731
884,20200914,22285.0,18489.0,27476.0,363.0,3433.0,2101241.0,2151002.0,2123526.0,1.049433819
885,20200913,22176.0,18226.0,27705.0,358.0,3592.0,2093389.0,2143270.0,2115565.0,1.0482306145
886,20200912,22055.0,18029.0,27826.0,355.0,3671.0,2085576.0,2135457.0,2107631.0,1.0464355477
887,20200911,21919.0,17616.0,29423.0,350.0,3953.0,2067869.0,2119211.0,2089788.0,1.0488623726
888,20200910,21743.0,17360.0,33018.0,346.0,4037.0,2044830.0,2099591.0,2066573.0,1.0521283303
889,20200909,21588.0,17023.0,36533.0,344.0,4221.0,2024113.0,2082234.0,2045701.0,1.055286183
890,20200908,21432.0,16636.0,43370.0,341.0,4455.0,2001276.0,2066078.0,2022708.0,1.0595696462
891,20200907,21296.0,16297.0,47109.0,336.0,4663.0,1982892.0,2051297.0,2004188.0,1.062574968
892,20200906,21177.0,16146.0,49621.0,334.0,4697.0,1975137.0,2045935.0,1996314.0,1.0608050637
893,20200905,21010.0,16009.0,52077.0,333.0,4668.0,1963958.0,2037045.0,1984968.0,1.0584553504
894,20200904,20842.0,15783.0,52266.0,331.0,4728.0,1945798.0,2018906.0,1966640.0,1.0597770817
895,20200903,20644.0,15529.0,55524.0,329.0,4786.0,1924384.0,2000552.0,1945028.0,1.0613728954
896,20200902,20449.0,15356.0,56748.0,326.0,4767.0,1903098.0,1980295.0,1923547.0,1.0630881387
897,20200901,20182.0,15198.0,56743.0,324.0,4660.0,1882155.0,1959080.0,1902337.0,1.0609056124
898,20200831,19947.0,14973.0,57876.0,324.0,4650.0,1859866.0,1937689.0,1879813.0,1.0611161854
899,20200830,19699.0,14903.0,58021.0,323.0,4473.0,1846450.0,1924170.0,1866149.0,1.0555963109
900,20200829,19400.0,14765.0,54046.0,321.0,4314.0,1835883.0,1909329.0,1855283.0,1.0456625754
901,20200828,19077.0,14551.0,50711.0,316.0,4210.0,1817929.0,1887717.0,1837006.0,1.0384832711
902,20200827,18706.0,14461.0,52041.0,313.0,3932.0,1798832.0,1869579.0,1817538.0,1.0291944377
903,20200826,18265.0,14368.0,52795.0,312.0,3585.0,1778446.0,1849506.0,1796711.0,1.0165797393
904,20200825,17945.0,14286.0,50362.0,310.0,3349.0,1757530.0,1825837.0,1775475.0,1.0107154423
905,20200824,17665.0,14219.0,47995.0,309.0,3137.0,1738762.0,1804422.0,1756427.0,1.005734938
906,20200823,17399.0,14200.0,47564.0,309.0,2890.0,1726223.0,1791186.0,1743622.0,0.997865363
907,20200822,17002.0,14169.0,42427.0,309.0,2524.0,1716371.0,1775800.0,1733373.0,0.9808621687
908,20200821,16670.0,14120.0,38045.0,309.0,2241.0,1699408.0,1754123.0,1716078.0,0.9714010668
909,20200820,16346.0,14063.0,34998.0,307.0,1976.0,1682739.0,1734083.0,1699085.0,0.9620472195
910,20200819,16058.0,14006.0,31022.0,306.0,1746.0,1667984.0,1715064.0,1684042.0,0.9535391635
911,20200818,15761.0,13934.0,25219.0,306.0,1521.0,1656062.0,1697042.0,1671823.0,0.9427433406
912,20200817,15515.0,13917.0,22964.0,305.0,1293.0,1649991.0,1688470.0,1665506.0,0.9315487305
913,20200816,15318.0,13910.0,22005.0,305.0,1103.0,1644464.0,1681787.0,1659782.0,0.9228922834
914,20200815,15039.0,13901.0,21618.0,305.0,833.0,1638639.0,1675296.0,1653678.0,0.9094273492
915,20200814,14873.0,13863.0,20132.0,305.0,705.0,1630079.0,1665084.0,1644952.0,0.9041601213
916,20200813,14770.0,13817.0,17798.0,305.0,648.0,1622330.0,1654898.0,1637100.0,0.9022051188
917,20200812,14714.0,13786.0,17375.0,305.0,623.0,1614563.0,1646652.0,1629277.0,0.9030999639
918,20200811,14660.0,13729.0,17489.0,305.0,626.0,1605695.0,1637844.0,1620355.0,0.9047400106
919,20200810,14626.0,13658.0,16396.0,305.0,663.0,1597281.0,1628303.0,1611907.0,0.9073724476
920,20200809,14598.0,13642.0,16803.0,305.0,651.0,1593249.0,1624650.0,1607847.0,0.907922209
921,20200808,14562.0,13629.0,16105.0,304.0,629.0,1589847.0,1620514.0,1604409.0,0.9076239288
922,20200807,14519.0,13543.0,17068.0,303.0,673.0,1582065.0,1613652.0,1596584.0,0.9093790242
923,20200806,14499.0,13501.0,18031.0,302.0,696.0,1573957.0,1606487.0,1588456.0,0.9127731583
924,20200805,14456.0,13406.0,18490.0,302.0,748.0,1565241.0,1598187.0,1579697.0,0.9151122018
925,20200804,14423.0,13352.0,18724.0,301.0,770.0,1556633.0,1589780.0,1571056.0,0.9180449328
926,20200803,14389.0,13280.0,17401.0,301.0,808.0,1547967.0,1579757.0,1562356.0,0.9209808775
927,20200802,14366.0,13259.0,17768.0,301.0,806.0,1544112.0,1576246.0,1558478.0,0.9217967786
928,20200801,14336.0,13233.0,18278.0,301.0,802.0,1539216.0,1571830.0,1553552.0,0.9227885516
929,20200731,14305.0,13183.0,18330.0,301.0,821.0,1531161.0,1563796.0,1545466.0,0.9256107866
930,20200730,14269.0,13132.0,19018.0,300.0,837.0,1522928.0,1556215.0,1537197.0,0.9282479734
931,20200729,14251.0,13069.0,19326.0,300.0,882.0,1513730.0,1547307.0,1527981.0,0.9326686653
932,20200728,14203.0,13007.0,20444.0,300.0,896.0,1503057.0,1537704.0,1517260.0,0.9360953297
933,20200727,14175.0,12905.0,18770.0,299.0,971.0,1494029.0,1526974.0,1508204.0,0.9398595945
934,20200726,14150.0,12890.0,19214.0,298.0,962.0,1489562.0,1522926.0,1503712.0,0.9410046604
935,20200725,14092.0,12866.0,19681.0,298.0,928.0,1484861.0,1518634.0,1498953.0,0.9401228724
936,20200724,13979.0,12817.0,20559.0,298.0,864.0,1475789.0,1510327.0,1489768.0,0.9383340224
937,20200723,13938.0,12758.0,21418.0,297.0,883.0,1465498.0,1500854.0,1479436.0,0.9421157792
938,20200722,13879.0,12698.0,21751.0,297.0,884.0,1456441.0,1492071.0,1470320.0,0.9439441754
939,20200721,13816.0,12643.0,23864.0,296.0,877.0,1444710.0,1482390.0,1458526.0,0.9472577108
940,20200720,13771.0,12572.0,21302.0,296.0,903.0,1435120.0,1470193.0,1448891.0,0.9504510691
941,20200719,13745.0,12556.0,21953.0,295.0,894.0,1429601.0,1465299.0,1443346.0,0.9523011114
942,20200718,13711.0,12519.0,22923.0,294.0,898.0,1423570.0,1460204.0,1437281.0,0.9539540284
943,20200717,13672.0,12460.0,23110.0,293.0,919.0,1414235.0,1451017.0,1427907.0,0.9574853264
944,20200716,13612.0,12396.0,23404.0,291.0,925.0,1404332.0,1441348.0,1417944.0,0.9599814943
945,20200715,13551.0,12348.0,23297.0,289.0,914.0,1394468.0,1431316.0,1408019.0,0.9624159901
946,20200714,13512.0,12282.0,24289.0,289.0,941.0,1382815.0,1420616.0,1396327.0,0.967681639
947,20200713,13479.0,12204.0,21845.0,289.0,986.0,1372988.0,1408312.0,1386467.0,0.9721832542
948,20200712,13417.0,12178.0,21830.0,289.0,950.0,1366897.0,1402144.0,1380314.0,0.9720252058
949,20200711,13373.0,12144.0,22950.0,288.0,941.0,1360618.0,1396941.0,1373991.0,0.9732960405
950,20200710,13338.0,12065.0,23527.0,288.0,985.0,1348025.0,1384890.0,1361363.0,0.9797533795
951,20200709,13293.0,12019.0,23912.0,287.0,987.0,1334566.0,1371771.0,1347859.0,0.9862307555
952,20200708,13244.0,11970.0,24012.0,285.0,989.0,1322479.0,1359735.0,1335723.0,0.991522943
953,20200707,13181.0,11914.0,23675.0,285.0,982.0,1309338.0,1346194.0,1322519.0,0.9966586491
954,20200706,13137.0,11848.0,21292.0,284.0,1005.0,1297367.0,1331796.0,1310504.0,1.0024387563
955,20200705,13091.0,11832.0,21649.0,283.0,976.0,1291315.0,1326055.0,1304406.0,1.0035985728
956,20200704,13030.0,11811.0,22321.0,283.0,936.0,1284172.0,1319523.0,1297202.0,1.0044696199
957,20200703,12967.0,11759.0,21560.0,282.0,926.0,1273234.0,1307761.0,1286201.0,1.0081627988
958,20200702,12904.0,11684.0,19782.0,282.0,938.0,1263276.0,1295962.0,1276180.0,1.0111426287
959,20200701,12850.0,11613.0,19526.0,282.0,955.0,1252855.0,1285231.0,1265705.0,1.0152444684
960,20200630,12800.0,11537.0,20809.0,282.0,981.0,1240157.0,1273766.0,1252957.0,1.0215833424
961,20200629,12757.0,11429.0,18499.0,282.0,1046.0,1228698.0,1259954.0,1241455.0,1.0275845681
962,20200628,12715.0,11364.0,19005.0,282.0,1069.0,1219975.0,1251695.0,1232690.0,1.0314839902
963,20200627,12653.0,11317.0,19866.0,282.0,1054.0,1211261.0,1243780.0,1223914.0,1.0338144673
964,20200626,12602.0,11172.0,18828.0,282.0,1148.0,1200885.0,1232315.0,1213487.0,1.0384948499
965,20200625,12563.0,10974.0,18900.0,282.0,1307.0,1189015.0,1220478.0,1201578.0,1.0455417792
966,20200624,12535.0,10930.0,20245.0,281.0,1324.0,1175817.0,1208597.0,1188352.0,1.0548221402
967,20200623,12484.0,10908.0,22278.0,281.0,1295.0,1161250.0,1196012.0,1173734.0,1.0636140726
968,20200622,12438.0,10881.0,19403.0,280.0,1277.0,1150225.0,1182066.0,1162663.0,1.0697854838
969,20200621,12421.0,10868.0,20071.0,280.0,1273.0,1143971.0,1176463.0,1156392.0,1.0741167355
970,20200620,12373.0,10856.0,21470.0,280.0,1237.0,1137058.0,1170901.0,1149431.0,1.07644565
971,20200619,12306.0,10835.0,21190.0,280.0,1191.0,1124567.0,1158063.0,1136873.0,1.0824428058
972,20200618,12257.0,10800.0,21714.0,280.0,1177.0,1111741.0,1145712.0,1123998.0,1.0904823674
973,20200617,12198.0,10774.0,21489.0,279.0,1145.0,1099136.0,1132823.0,1111334.0,1.0975998214
974,20200616,12155.0,10760.0,22632.0,278.0,1117.0,1084980.0,1119767.0,1097135.0,1.1078855382
975,20200615,12121.0,10730.0,20793.0,277.0,1114.0,1072805.0,1105719.0,1084926.0,1.1172190545
976,20200614,12085.0,10718.0,21356.0,277.0,1090.0,1066887.0,1100328.0,1078972.0,1.1200476008
977,20200613,12051.0,10691.0,23352.0,277.0,1083.0,1059301.0,1094704.0,1071352.0,1.1248403885
978,20200612,12003.0,10669.0,24244.0,277.0,1057.0,1045240.0,1081487.0,1057243.0,1.1353113711
979,20200611,11947.0,10654.0,25494.0,276.0,1017.0,1029447.0,1066888.0,1041394.0,1.1472122942
980,20200610,11902.0,10611.0,26223.0,276.0,1015.0,1013847.0,1051972.0,1025749.0,1.160322847
981,20200609,11852.0,10589.0,27459.0,274.0,989.0,996686.0,1035997.0,1008538.0,1.175166429
982,20200608,11814.0,10563.0,24374.0,273.0,978.0,982026.0,1018214.0,993840.0,1.1887225307
983,20200607,11776.0,10552.0,26481.0,273.0,951.0,974512.0,1012769.0,986288.0,1.1939717405
984,20200606,11719.0,10531.0,27954.0,273.0,915.0,965632.0,1005305.0,977351.0,1.1990574522
985,20200605,11668.0,10506.0,28766.0,273.0,889.0,950526.0,990960.0,962194.0,1.2126452669
986,20200604,11629.0,10499.0,28199.0,273.0,857.0,934030.0,973858.0,945659.0,1.2297244567
987,20200603,11590.0,10467.0,27865.0,273.0,850.0,917397.0,956852.0,928987.0,1.2475954991
988,20200602,11541.0,10446.0,28922.0,272.0,823.0,899388.0,939851.0,910929.0,1.2669483571
989,20200601,11503.0,10422.0,24058.0,271.0,810.0,885830.0,921391.0,897333.0,1.2819098372
990,20200531,11468.0,10405.0,23294.0,270.0,793.0,876060.0,910822.0,887528.0,1.2921282483
991,20200530,11441.0,10398.0,26298.0,269.0,774.0,865162.0,902901.0,876603.0,1.305151819
992,20200529,11402.0,10363.0,24557.0,269.0,770.0,849161.0,885120.0,860563.0,1.3249465756
993,20200528,11344.0,10340.0,22370.0,269.0,735.0,834952.0,868666.0,846296.0,1.3404293533
994,20200527,11265.0,10295.0,21061.0,269.0,701.0,820550.0,852876.0,831815.0,1.3542674753
995,20200526,11225.0,10275.0,22044.0,269.0,681.0,806206.0,839475.0,817431.0,1.3732045885
996,20200525,11206.0,10226.0,19089.0,267.0,713.0,796142.0,826437.0,807348.0,1.3880012088
997,20200524,11190.0,10213.0,20333.0,266.0,711.0,788766.0,820289.0,799956.0,1.3988269354
998,20200523,11165.0,10194.0,21569.0,266.0,705.0,781686.0,814420.0,792851.0,1.4082091086
999,20200522,11142.0,10162.0,20286.0,264.0,716.0,770990.0,802418.0,782132.0,1.42456772
1000,20200521,11122.0,10135.0,18089.0,264.0,723.0,759473.0,788684.0,770595.0,1.4433003069
1001,20200520,11110.0,10066.0,16351.0,263.0,781.0,748972.0,776433.0,760082.0,1.4616843972
1002,20200519,11078.0,9938.0,16925.0,263.0,877.0,737571.0,765574.0,748649.0,1.4797321575
1003,20200518,11065.0,9904.0,16093.0,263.0,898.0,726053.0,753211.0,737118.0,1.5011165105
1004,20200517,11050.0,9888.0,17660.0,262.0,900.0,718943.0,747653.0,729993.0,1.5137131451
1005,20200516,11037.0,9851.0,18343.0,262.0,924.0,711265.0,740645.0,722302.0,1.5280312113
1006,20200515,11018.0,9821.0,19875.0,260.0,937.0,695854.0,726747.0,706872.0,1.5586980386
1007,20200514,10991.0,9762.0,20722.0,260.0,969.0,679771.0,711484.0,690762.0,1.5911413772
1008,20200513,10962.0,9695.0,19579.0,259.0,1008.0,665379.0,695920.0,676341.0,1.6207800503
1009,20200512,10936.0,9670.0,16330.0,258.0,1008.0,653624.0,680890.0,664560.0,1.6456000963
1010,20200511,10909.0,9632.0,10922.0,256.0,1021.0,646661.0,668492.0,657570.0,1.6589868759
1011,20200510,10874.0,9610.0,10128.0,256.0,1008.0,642884.0,663886.0,653758.0,1.6633066058
1012,20200509,10840.0,9568.0,9153.0,256.0,1016.0,640037.0,660030.0,650877.0,1.6654452377
1013,20200508,10822.0,9484.0,8867.0,256.0,1082.0,635174.0,654863.0,645996.0,1.6752425711
1014,20200507,10810.0,9419.0,8429.0,256.0,1135.0,630149.0,649388.0,640959.0,1.6865353322
1015,20200506,10806.0,9333.0,8009.0,255.0,1218.0,624280.0,643095.0,635086.0,1.7015018438
1016,20200505,10804.0,9283.0,8858.0,254.0,1267.0,620575.0,640237.0,631379.0,1.7111750628
1017,20200504,10801.0,9217.0,8176.0,252.0,1332.0,614944.0,633921.0,625745.0,1.7261024858
1018,20200503,10793.0,9183.0,8588.0,250.0,1360.0,611592.0,630973.0,622385.0,1.7341356234
1019,20200502,10780.0,9123.0,8496.0,250.0,1407.0,608286.0,627562.0,619066.0,1.7413329111
1020,20200501,10774.0,9072.0,8685.0,248.0,1454.0,603610.0,623069.0,614384.0,1.7536263965
1021,20200430,10765.0,9059.0,8634.0,247.0,1459.0,600482.0,619881.0,611247.0,1.7611538379
1022,20200429,10761.0,8922.0,8307.0,246.0,1593.0,595129.0,614197.0,605890.0,1.7760649622
1023,20200428,10752.0,8854.0,9203.0,244.0,1654.0,588559.0,608514.0,599311.0,1.7940601791
1024,20200427,10738.0,8764.0,8895.0,243.0,1731.0,582027.0,601660.0,592765.0,1.8115104636
1025,20200426,10728.0,8717.0,8999.0,242.0,1769.0,578558.0,598285.0,589286.0,1.8205082082
1026,20200425,10718.0,8635.0,9259.0,240.0,1843.0,575184.0,595161.0,585902.0,1.8293161655
1027,20200424,10708.0,8501.0,9600.0,240.0,1967.0,569212.0,589520.0,579920.0,1.8464615809
1028,20200423,10702.0,8411.0,10139.0,240.0,2051.0,563130.0,583971.0,573832.0,1.8650057856
1029,20200422,10694.0,8277.0,12121.0,238.0,2179.0,555144.0,577959.0,565838.0,1.8899402302
1030,20200421,10683.0,8213.0,12721.0,237.0,2233.0,547610.0,571014.0,558293.0,1.9135113641
1031,20200420,10674.0,8114.0,11981.0,236.0,2324.0,540380.0,563035.0,551054.0,1.9370152471
1032,20200419,10661.0,8042.0,12243.0,234.0,2385.0,536205.0,559109.0,546866.0,1.9494720827
1033,20200418,10653.0,7937.0,13550.0,232.0,2484.0,530631.0,554834.0,541284.0,1.9680980779
1034,20200417,10635.0,7829.0,14186.0,230.0,2576.0,521642.0,546463.0,532277.0,1.998019828
1035,20200416,10613.0,7757.0,14268.0,229.0,2627.0,513894.0,538775.0,524507.0,2.0234239009
1036,20200415,10591.0,7616.0,15026.0,225.0,2750.0,508935.0,534552.0,519526.0,2.0385890215
1037,20200414,10564.0,7534.0,14651.0,222.0,2808.0,502223.0,527438.0,512787.0,2.0601146284
1038,20200413,10537.0,7447.0,13391.0,217.0,2873.0,494815.0,518743.0,505352.0,2.0850812898
1039,20200412,10512.0,7368.0,13788.0,214.0,2930.0,490321.0,514621.0,500833.0,2.0989032272
1040,20200411,10480.0,7243.0,14070.0,211.0,3026.0,485929.0,510479.0,496409.0,2.1111623681
1041,20200410,10450.0,7117.0,15298.0,208.0,3125.0,477303.0,503051.0,487753.0,2.1424778525
1042,20200409,10423.0,6973.0,15509.0,204.0,3246.0,468779.0,494711.0,479202.0,2.1750743945
1043,20200408,10384.0,6776.0,17858.0,200.0,3408.0,457761.0,486003.0,468145.0,2.2181161819
1044,20200407,10331.0,6694.0,20650.0,192.0,3445.0,446323.0,477304.0,456654.0,2.2623255243
1045,20200406,10284.0,6598.0,19295.0,186.0,3500.0,437225.0,466804.0,447509.0,2.2980543408
1046,20200405,10237.0,6463.0,19571.0,183.0,3591.0,431425.0,461233.0,441662.0,2.317835811
1047,20200404,10156.0,6325.0,20144.0,177.0,3654.0,424732.0,455032.0,434888.0,2.3353139199
1048,20200403,10062.0,6021.0,18908.0,174.0,3867.0,414303.0,443273.0,424365.0,2.3710720723
1049,20200402,9976.0,5828.0,17885.0,169.0,3979.0,403882.0,431743.0,413858.0,2.4104886217
1050,20200401,9887.0,5567.0,16585.0,165.0,4155.0,395075.0,421547.0,404962.0,2.4414636435
1051,20200331,9786.0,5408.0,16892.0,162.0,4216.0,383886.0,410564.0,393672.0,2.4858257635
1052,20200330,9661.0,5228.0,13531.0,158.0,4275.0,372002.0,395194.0,381663.0,2.5312906936
1053,20200329,9583.0,5033.0,15028.0,152.0,4398.0,369530.0,394141.0,379113.0,2.5277423881
1054,20200328,9478.0,4811.0,16564.0,144.0,4523.0,361883.0,387925.0,371361.0,2.5522335409
1055,20200327,9332.0,4528.0,15219.0,139.0,4665.0,352410.0,376961.0,361742.0,2.5797391511
1056,20200326,9241.0,4144.0,14369.0,131.0,4966.0,341332.0,364942.0,350573.0,2.6359702544
1057,20200325,9137.0,3730.0,14278.0,126.0,5281.0,334481.0,357896.0,343618.0,2.6590574416
1058,20200324,9037.0,3507.0,15440.0,120.0,5410.0,324105.0,348582.0,333142.0,2.7126570651
1059,20200323,8961.0,3166.0,13628.0,111.0,5684.0,315447.0,338036.0,324408.0,2.7622623363
1060,20200322,8897.0,2909.0,14540.0,104.0,5884.0,308343.0,331780.0,317240.0,2.8045013239
1061,20200321,8799.0,2612.0,15704.0,102.0,6085.0,303006.0,327509.0,311805.0,2.8219560302
1062,20200320,8652.0,2233.0,15525.0,94.0,6325.0,292487.0,316664.0,301139.0,2.873091828
1063,20200319,8565.0,1947.0,15904.0,91.0,6527.0,282555.0,307024.0,291120.0,2.9420857378
1064,20200318,8413.0,1540.0,16346.0,84.0,6789.0,270888.0,295647.0,279301.0,3.0121625056
1065,20200317,8320.0,1401.0,17291.0,81.0,6838.0,261105.0,286716.0,269425.0,3.088057901
1066,20200316,8236.0,1137.0,14971.0,75.0,7024.0,251297.0,274504.0,259533.0,3.1733922083
1067,20200315,8162.0,834.0,16272.0,75.0,7253.0,243778.0,268212.0,251940.0,3.2396602365
1068,20200314,8086.0,714.0,17634.0,72.0,7300.0,235615.0,261335.0,243701.0,3.3180003364
1069,20200313,7979.0,510.0,17940.0,67.0,7402.0,222728.0,248647.0,230707.0,3.4584993086
1070,20200312,7869.0,333.0,17727.0,66.0,7470.0,209402.0,234998.0,217271.0,3.6217442732
1071,20200311,7755.0,288.0,18540.0,60.0,7407.0,196100.0,222395.0,203855.0,3.8041745358
1072,20200310,7513.0,247.0,18452.0,54.0,7212.0,184179.0,210144.0,191692.0,3.9193080566
1073,20200309,7382.0,166.0,17458.0,51.0,7165.0,171778.0,196618.0,179160.0,4.1203393614
1074,20200308,7134.0,130.0,19376.0,50.0,6954.0,162008.0,188518.0,169142.0,4.2177578602
1075,20200307,6767.0,118.0,19620.0,44.0,6605.0,151802.0,178189.0,158569.0,4.2675428362
1076,20200306,6284.0,108.0,21832.0,42.0,6134.0,136624.0,164740.0,142908.0,4.3972345844
1077,20200305,5766.0,88.0,21810.0,35.0,5643.0,118965.0,146541.0,124731.0,4.622748154
1078,20200304,5328.0,41.0,28414.0,32.0,5255.0,102965.0,136707.0,108293.0,4.9199855946
1079,20200303,4812.0,34.0,35555.0,28.0,4750.0,85484.0,125851.0,90296.0,5.3291397182
1080,20200302,4212.0,31.0,33799.0,22.0,4159.0,71580.0,109591.0,75792.0,5.5573147561
1081,20200301,3736.0,30.0,33360.0,18.0,,,,,
1082,20200229,3150.0,28.0,35182.0,17.0,,,,,
1083,20200228,2337.0,27.0,30237.0,13.0,,,,,
1084,20200227,1766.0,26.0,25568.0,13.0,,,,,
1085,20200226,1261.0,24.0,20716.0,12.0,,,,,
1086,20200225,977.0,22.0,13880.0,10.0,,,,,
1087,20200224,833.0,22.0,11631.0,7.0,,,,,
1088,20200223,602.0,18.0,8057.0,5.0,,,,,
1089,20200222,433.0,18.0,6037.0,2.0,,,,,
1090,20200221,204.0,17.0,3180.0,1.0,,,,,
1091,20200220,104.0,16.0,1860.0,1.0,,,,,
1092,20200219,51.0,16.0,1149.0,,,,,,
1093,20200218,31.0,12.0,818.0,,,,,,
1094,20200217,30.0,10.0,708.0,,,,,,
1095,20200216,29.0,9.0,485.0,,,,,,
1096,20200215,28.0,9.0,558.0,,,,,,
1097,20200214,28.0,7.0,535.0,,,,,,
1098,20200213,28.0,7.0,562.0,,,,,,
1099,20200212,28.0,7.0,785.0,,,,,,
1100,20200211,28.0,4.0,762.0,,,,,,
1101,20200210,27.0,3.0,531.0,,,,,,
1102,20200209,27.0,3.0,888.0,,,,,,
1103,20200208,24.0,2.0,939.0,,,,,,
1104,20200207,24.0,2.0,327.0,,,,,,
1105,20200206,23.0,1.0,169.0,,,,,,
1106,20200205,19.0,1.0,40.0,,,,,,
1107,20200204,19.0,,,,,,,,
1108,20200203,15.0,,,,,,,,
1109,20200202,2.0,2.0,2.0,2.0,,,,,
1110,20200101,2.0,1.0,1.0,,,,,,
