,stateDt,decideCnt,deathCnt
1110,20200101,2.0,
1109,20200202,2.0,2.0
1108,20200203,15.0,
1107,20200204,19.0,
1106,20200205,19.0,
1105,20200206,23.0,
1104,20200207,24.0,
1103,20200208,24.0,
1102,20200209,27.0,
1101,20200210,27.0,
1100,20200211,28.0,
1099,20200212,28.0,
1098,20200213,28.0,
1097,20200214,28.0,
1096,20200215,28.0,
1095,20200216,29.0,
1094,20200217,30.0,
1093,20200218,31.0,
1092,20200219,51.0,
1091,20200220,104.0,1.0
1090,20200221,204.0,1.0
1089,20200222,433.0,2.0
1088,20200223,602.0,5.0
1087,20200224,833.0,7.0
1086,20200225,977.0,10.0
1085,20200226,1261.0,12.0
1084,20200227,1766.0,13.0
1083,20200228,2337.0,13.0
1082,20200229,3150.0,17.0
1081,20200301,3736.0,18.0
1080,20200302,4212.0,22.0
1079,20200303,4812.0,28.0
1078,20200304,5328.0,32.0
1077,20200305,5766.0,35.0
1076,20200306,6284.0,42.0
1075,20200307,6767.0,44.0
1074,20200308,7134.0,50.0
1073,20200309,7382.0,51.0
1072,20200310,7513.0,54.0
1071,20200311,7755.0,60.0
1070,20200312,7869.0,66.0
1069,20200313,7979.0,67.0
1068,20200314,8086.0,72.0
1067,20200315,8162.0,75.0
1066,20200316,8236.0,75.0
1065,20200317,8320.0,81.0
1064,20200318,8413.0,84.0
1063,20200319,8565.0,91.0
1062,20200320,8652.0,94.0
1061,20200321,8799.0,102.0
1060,20200322,8897.0,104.0
1059,20200323,8961.0,111.0
1058,20200324,9037.0,120.0
1057,20200325,9137.0,126.0
1056,20200326,9241.0,131.0
1055,20200327,9332.0,139.0
1054,20200328,9478.0,144.0
1053,20200329,9583.0,152.0
1052,20200330,9661.0,158.0
1051,20200331,9786.0,162.0
1050,20200401,9887.0,165.0
1049,20200402,9976.0,169.0
1048,20200403,10062.0,174.0
1047,20200404,10156.0,177.0
1046,20200405,10237.0,183.0
1045,20200406,10284.0,186.0
1044,20200407,10331.0,192.0
1043,20200408,10384.0,200.0
1042,20200409,10423.0,204.0
1041,20200410,10450.0,208.0
1040,20200411,10480.0,211.0
1039,20200412,10512.0,214.0
1038,20200413,10537.0,217.0
1037,20200414,10564.0,222.0
1036,20200415,10591.0,225.0
1035,20200416,10613.0,229.0
1034,20200417,10635.0,230.0
1033,20200418,10653.0,232.0
1032,20200419,10661.0,234.0
1031,20200420,10674.0,236.0
1030,20200421,10683.0,237.0
1029,20200422,10694.0,238.0
1028,20200423,10702.0,240.0
1027,20200424,10708.0,240.0
1026,20200425,10718.0,240.0
1025,20200426,10728.0,242.0
1024,20200427,10738.0,243.0
1023,20200428,10752.0,244.0
1022,20200429,10761.0,246.0
1021,20200430,10765.0,247.0
1020,20200501,10774.0,248.0
1019,20200502,10780.0,250.0
1018,20200503,10793.0,250.0
1017,20200504,10801.0,252.0
1016,20200505,10804.0,254.0
1015,20200506,10806.0,255.0
1014,20200507,10810.0,256.0
1013,20200508,10822.0,256.0
1012,20200509,10840.0,256.0
1011,20200510,10874.0,256.0
1010,20200511,10909.0,256.0
1009,20200512,10936.0,258.0
1008,20200513,10962.0,259.0
1007,20200514,10991.0,260.0
1006,20200515,11018.0,260.0
1005,20200516,11037.0,262.0
1004,20200517,11050.0,262.0
1003,20200518,11065.0,263.0
1002,20200519,11078.0,263.0
1001,20200520,11110.0,263.0
1000,20200521,11122.0,264.0
999,20200522,11142.0,264.0
998,20200523,11165.0,266.0
997,20200524,11190.0,266.0
996,20200525,11206.0,267.0
995,20200526,11225.0,269.0
994,20200527,11265.0,269.0
993,20200528,11344.0,269.0
992,20200529,11402.0,269.0
991,20200530,11441.0,269.0
990,20200531,11468.0,270.0
989,20200601,11503.0,271.0
988,20200602,11541.0,272.0
987,20200603,11590.0,273.0
986,20200604,11629.0,273.0
985,20200605,11668.0,273.0
984,20200606,11719.0,273.0
983,20200607,11776.0,273.0
982,20200608,11814.0,273.0
981,20200609,11852.0,274.0
980,20200610,11902.0,276.0
979,20200611,11947.0,276.0
978,20200612,12003.0,277.0
977,20200613,12051.0,277.0
976,20200614,12085.0,277.0
975,20200615,12121.0,277.0
974,20200616,12155.0,278.0
973,20200617,12198.0,279.0
972,20200618,12257.0,280.0
971,20200619,12306.0,280.0
970,20200620,12373.0,280.0
969,20200621,12421.0,280.0
968,20200622,12438.0,280.0
967,20200623,12484.0,281.0
966,20200624,12535.0,281.0
965,20200625,12563.0,282.0
964,20200626,12602.0,282.0
963,20200627,12653.0,282.0
962,20200628,12715.0,282.0
961,20200629,12757.0,282.0
960,20200630,12800.0,282.0
959,20200701,12850.0,282.0
958,20200702,12904.0,282.0
957,20200703,12967.0,282.0
956,20200704,13030.0,283.0
955,20200705,13091.0,283.0
954,20200706,13137.0,284.0
953,20200707,13181.0,285.0
952,20200708,13244.0,285.0
951,20200709,13293.0,287.0
950,20200710,13338.0,288.0
949,20200711,13373.0,288.0
948,20200712,13417.0,289.0
947,20200713,13479.0,289.0
946,20200714,13512.0,289.0
945,20200715,13551.0,289.0
944,20200716,13612.0,291.0
943,20200717,13672.0,293.0
942,20200718,13711.0,294.0
941,20200719,13745.0,295.0
940,20200720,13771.0,296.0
939,20200721,13816.0,296.0
938,20200722,13879.0,297.0
937,20200723,13938.0,297.0
936,20200724,13979.0,298.0
935,20200725,14092.0,298.0
934,20200726,14150.0,298.0
933,20200727,14175.0,299.0
932,20200728,14203.0,300.0
931,20200729,14251.0,300.0
930,20200730,14269.0,300.0
929,20200731,14305.0,301.0
928,20200801,14336.0,301.0
927,20200802,14366.0,301.0
926,20200803,14389.0,301.0
925,20200804,14423.0,301.0
924,20200805,14456.0,302.0
923,20200806,14499.0,302.0
922,20200807,14519.0,303.0
921,20200808,14562.0,304.0
920,20200809,14598.0,305.0
919,20200810,14626.0,305.0
918,20200811,14660.0,305.0
917,20200812,14714.0,305.0
916,20200813,14770.0,305.0
915,20200814,14873.0,305.0
914,20200815,15039.0,305.0
913,20200816,15318.0,305.0
912,20200817,15515.0,305.0
911,20200818,15761.0,306.0
910,20200819,16058.0,306.0
909,20200820,16346.0,307.0
908,20200821,16670.0,309.0
907,20200822,17002.0,309.0
906,20200823,17399.0,309.0
905,20200824,17665.0,309.0
904,20200825,17945.0,310.0
903,20200826,18265.0,312.0
902,20200827,18706.0,313.0
901,20200828,19077.0,316.0
900,20200829,19400.0,321.0
899,20200830,19699.0,323.0
898,20200831,19947.0,324.0
897,20200901,20182.0,324.0
896,20200902,20449.0,326.0
895,20200903,20644.0,329.0
894,20200904,20842.0,331.0
893,20200905,21010.0,333.0
892,20200906,21177.0,334.0
891,20200907,21296.0,336.0
890,20200908,21432.0,341.0
889,20200909,21588.0,344.0
888,20200910,21743.0,346.0
887,20200911,21919.0,350.0
886,20200912,22055.0,355.0
885,20200913,22176.0,358.0
884,20200914,22285.0,363.0
883,20200915,22391.0,367.0
882,20200916,22504.0,367.0
881,20200917,22657.0,372.0
880,20200918,22783.0,377.0
879,20200919,22893.0,378.0
878,20200920,22975.0,383.0
877,20200921,23045.0,385.0
876,20200922,23106.0,388.0
875,20200923,23216.0,388.0
874,20200924,23341.0,393.0
873,20200925,23455.0,395.0
872,20200926,23516.0,399.0
871,20200927,23611.0,401.0
870,20200928,23661.0,406.0
869,20200929,23699.0,407.0
868,20200930,23812.0,413.0
867,20201001,23889.0,415.0
866,20201002,23952.0,416.0
865,20201003,24027.0,420.0
864,20201004,24091.0,421.0
863,20201005,24164.0,422.0
862,20201006,24239.0,422.0
861,20201007,24353.0,425.0
860,20201008,24422.0,427.0
859,20201009,24476.0,428.0
858,20201010,24548.0,430.0
857,20201011,24606.0,432.0
856,20201012,24703.0,433.0
855,20201013,24805.0,434.0
854,20201014,24889.0,438.0
853,20201015,24988.0,439.0
852,20201016,25035.0,441.0
851,20201017,25108.0,443.0
850,20201018,25199.0,444.0
849,20201019,25275.0,444.0
848,20201020,25333.0,447.0
847,20201021,25424.0,450.0
846,20201022,25543.0,453.0
845,20201023,25698.0,455.0
844,20201024,25775.0,457.0
843,20201025,25836.0,457.0
842,20201026,25955.0,457.0
841,20201027,26043.0,460.0
840,20201028,26146.0,461.0
839,20201029,26271.0,462.0
838,20201030,26385.0,463.0
837,20201031,26511.0,464.0
836,20201101,26635.0,466.0
835,20201102,26732.0,468.0
834,20201103,26807.0,472.0
833,20201104,26925.0,474.0
832,20201105,27050.0,475.0
831,20201106,27195.0,476.0
830,20201107,27284.0,477.0
829,20201108,27427.0,478.0
828,20201109,27553.0,480.0
827,20201110,27653.0,485.0
826,20201111,27799.0,487.0
825,20201112,27942.0,487.0
824,20201113,28133.0,488.0
823,20201114,28338.0,492.0
822,20201115,28546.0,493.0
821,20201116,28769.0,494.0
820,20201117,28998.0,494.0
819,20201118,29311.0,496.0
818,20201119,29654.0,498.0
817,20201120,30017.0,501.0
816,20201121,30403.0,503.0
815,20201122,30733.0,505.0
814,20201123,31004.0,509.0
813,20201124,31353.0,510.0
812,20201125,31735.0,513.0
811,20201126,32318.0,515.0
810,20201127,32887.0,516.0
809,20201128,33375.0,522.0
808,20201129,33824.0,523.0
807,20201130,34201.0,526.0
806,20201201,34652.0,526.0
805,20201202,35163.0,526.0
804,20201203,35703.0,529.0
803,20201204,36332.0,536.0
802,20201205,36915.0,540.0
801,20201206,37546.0,545.0
800,20201207,38161.0,549.0
799,20201208,38746.0,552.0
798,20201209,39432.0,556.0
797,20201210,40098.0,564.0
796,20201211,40786.0,572.0
795,20201212,41736.0,578.0
794,20201213,42766.0,580.0
793,20201214,43484.0,587.0
792,20201215,44364.0,600.0
791,20201216,45442.0,612.0
790,20201217,46453.0,634.0
789,20201218,47515.0,645.0
788,20201219,48570.0,659.0
787,20201220,49665.0,674.0
786,20201221,50591.0,698.0
785,20201222,51460.0,722.0
784,20201223,52550.0,739.0
783,20201224,53533.0,756.0
782,20201225,54770.0,773.0
781,20201226,55902.0,793.0
780,20201227,56872.0,808.0
779,20201228,57680.0,819.0
778,20201229,58725.0,859.0
777,20201230,59773.0,879.0
776,20201231,60740.0,900.0
775,20210101,61769.0,917.0
774,20210102,62593.0,942.0
773,20210103,63244.0,962.0
772,20210104,64264.0,981.0
771,20210105,64979.0,1007.0
770,20210106,65818.0,1027.0
769,20210107,66686.0,1046.0
768,20210108,67358.0,1081.0
767,20210109,67999.0,1100.0
766,20210110,68664.0,1125.0
765,20210111,69114.0,1140.0
764,20210112,69651.0,1165.0
763,20210113,70212.0,1185.0
762,20210114,70728.0,1195.0
761,20210115,71241.0,1217.0
760,20210116,71820.0,1236.0
759,20210117,72340.0,1249.0
758,20210118,72729.0,1264.0
757,20210119,73115.0,1283.0
756,20210120,73518.0,1300.0
755,20210121,73918.0,1316.0
754,20210122,74262.0,1328.0
753,20210123,74692.0,1337.0
752,20210124,75084.0,1349.0
751,20210125,75521.0,1360.0
750,20210126,75875.0,1371.0
749,20210127,76429.0,1378.0
748,20210128,76926.0,1386.0
747,20210129,77395.0,1399.0
746,20210201,78508.0,1425.0
745,20210202,78844.0,1435.0
744,20210203,79311.0,1441.0
743,20210204,79762.0,1448.0
742,20210205,80131.0,1459.0
741,20210206,80524.0,1464.0
740,20210207,80896.0,1471.0
739,20210208,81185.0,1474.0
738,20210209,81487.0,1482.0
737,20210210,81930.0,1486.0
736,20210211,82434.0,1496.0
735,20210212,82837.0,1507.0
734,20210213,83199.0,1514.0
733,20210214,83525.0,1522.0
732,20210215,83869.0,1527.0
731,20210216,84325.0,1534.0
730,20210217,84946.0,1538.0
729,20210218,85567.0,1544.0
728,20210219,86128.0,1550.0
727,20210220,86576.0,1553.0
726,20210221,86992.0,1557.0
725,20210222,87324.0,1562.0
724,20210223,87681.0,1573.0
723,20210224,88120.0,1576.0
722,20210225,88516.0,1581.0
721,20210226,88922.0,1585.0
720,20210227,89321.0,1595.0
719,20210228,89676.0,1603.0
718,20210301,90029.0,1605.0
717,20210302,90372.0,1606.0
716,20210303,90816.0,1612.0
715,20210304,91240.0,1619.0
714,20210305,91638.0,1627.0
713,20210306,92055.0,1632.0
712,20210307,92471.0,1634.0
711,20210308,92817.0,1642.0
710,20210309,93263.0,1645.0
709,20210310,93733.0,1648.0
708,20210311,94198.0,1652.0
707,20210312,94686.0,1662.0
706,20210313,95176.0,1667.0
705,20210314,95635.0,1669.0
704,20210315,96017.0,1675.0
703,20210316,96380.0,1678.0
702,20210317,96849.0,1686.0
701,20210318,97294.0,1688.0
700,20210319,97757.0,1690.0
699,20210320,98209.0,1693.0
698,20210321,98665.0,1696.0
697,20210322,99075.0,1697.0
696,20210323,99421.0,1704.0
695,20210324,99846.0,1707.0
694,20210325,100276.0,1709.0
693,20210326,100770.0,1716.0
692,20210327,101275.0,1721.0
691,20210328,101757.0,1722.0
690,20210329,102141.0,1726.0
689,20210330,102582.0,1729.0
688,20210331,103088.0,1731.0
687,20210401,103639.0,1735.0
686,20210402,104194.0,1737.0
685,20210403,104736.0,1740.0
684,20210404,105279.0,1744.0
683,20210405,105752.0,1748.0
682,20210406,106230.0,1752.0
681,20210407,106898.0,1756.0
680,20210408,107598.0,1758.0
679,20210409,108269.0,1764.0
678,20210410,108945.0,1765.0
677,20210411,109559.0,1768.0
676,20210412,110146.0,1770.0
675,20210413,110688.0,1775.0
674,20210414,111419.0,1782.0
673,20210415,112117.0,1788.0
672,20210416,112789.0,1790.0
671,20210417,113444.0,1794.0
670,20210418,114115.0,1797.0
669,20210419,114646.0,1801.0
668,20210420,115195.0,1802.0
667,20210421,115926.0,1806.0
666,20210422,116661.0,1808.0
665,20210423,117458.0,1811.0
664,20210424,118243.0,1812.0
663,20210427,119898.0,1820.0
662,20210428,120673.0,1821.0
661,20210429,121351.0,1825.0
660,20210430,122007.0,1828.0
659,20210501,122634.0,1831.0
658,20210502,123240.0,1833.0
657,20210503,123728.0,1834.0
656,20210504,124269.0,1840.0
655,20210505,124945.0,1847.0
654,20210506,125519.0,1851.0
653,20210507,126044.0,1860.0
652,20210508,126745.0,1865.0
651,20210509,127309.0,1874.0
650,20210510,127772.0,1875.0
649,20210511,128283.0,1879.0
648,20210512,128918.0,1884.0
647,20210513,129633.0,1891.0
646,20210514,130380.0,1893.0
645,20210515,131061.0,1896.0
644,20210516,131671.0,1900.0
643,20210517,132290.0,1903.0
642,20210518,132818.0,1904.0
641,20210519,133471.0,1912.0
640,20210520,134117.0,1916.0
639,20210521,134678.0,1922.0
638,20210522,135344.0,1926.0
637,20210523,135929.0,1931.0
636,20210524,136467.0,1934.0
635,20210525,136983.0,1938.0
634,20210526,137682.0,1940.0
633,20210527,138311.0,1943.0
632,20210528,138898.0,1946.0
631,20210529,139431.0,1951.0
630,20210530,139910.0,1957.0
629,20210531,140340.0,1959.0
628,20210601,140799.0,1963.0
627,20210602,141476.0,1965.0
626,20210603,142157.0,1968.0
625,20210604,142852.0,1969.0
624,20210605,143596.0,1971.0
623,20210606,144152.0,1973.0
622,20210607,144637.0,1974.0
621,20210608,145091.0,1975.0
620,20210609,145692.0,1977.0
619,20210610,146303.0,1979.0
618,20210611,146859.0,1981.0
617,20210612,147422.0,1982.0
616,20210613,147874.0,1985.0
615,20210614,148273.0,1988.0
614,20210615,148647.0,1992.0
613,20210616,149191.0,1993.0
612,20210617,149731.0,1994.0
611,20210618,150238.0,1996.0
610,20210619,150720.0,1997.0
609,20210620,151149.0,2002.0
608,20210621,151506.0,2004.0
607,20210622,151901.0,2006.0
606,20210623,152545.0,2007.0
605,20210624,153155.0,2008.0
604,20210625,153789.0,2009.0
603,20210626,154457.0,2012.0
602,20210627,155071.0,2013.0
601,20210628,155572.0,2015.0
600,20210629,156167.0,2017.0
599,20210630,156961.0,2018.0
598,20210701,157723.0,2021.0
597,20210702,158549.0,2024.0
596,20210703,159342.0,2025.0
595,20210704,160084.0,2026.0
594,20210705,160795.0,2028.0
593,20210706,161541.0,2032.0
592,20210707,162753.0,2033.0
591,20210708,164028.0,2034.0
590,20210709,165344.0,2036.0
589,20210710,166722.0,2038.0
588,20210712,169146.0,2044.0
587,20210713,170296.0,2046.0
586,20210714,171911.0,2048.0
585,20210715,173511.0,2050.0
584,20210716,175046.0,2051.0
583,20210717,176500.0,2055.0
582,20210718,177951.0,2057.0
581,20210719,179203.0,2058.0
580,20210720,180481.0,2059.0
579,20210721,182265.0,2060.0
578,20210722,184103.0,2063.0
577,20210723,185733.0,2066.0
576,20210724,187362.0,2068.0
575,20210725,188848.0,2073.0
574,20210726,190166.0,2077.0
573,20210727,191531.0,2079.0
572,20210728,193427.0,2083.0
571,20210729,195099.0,2085.0
570,20210730,196806.0,2089.0
569,20210731,198345.0,2095.0
568,20210801,199787.0,2098.0
567,20210802,201002.0,2099.0
566,20210803,202203.0,2104.0
565,20210804,203926.0,2106.0
564,20210805,205702.0,2109.0
563,20210806,207406.0,2113.0
562,20210807,209228.0,2116.0
561,20210808,210956.0,2121.0
560,20210809,212448.0,2125.0
559,20210810,213987.0,2134.0
558,20210811,216206.0,2135.0
557,20210812,218192.0,2138.0
556,20210813,220182.0,2144.0
555,20210814,222111.0,2148.0
554,20210815,223928.0,2156.0
553,20210816,225481.0,2167.0
552,20210817,226854.0,2173.0
551,20210818,228657.0,2178.0
550,20210819,230808.0,2191.0
549,20210820,232859.0,2197.0
548,20210821,234739.0,2202.0
547,20210822,236366.0,2215.0
546,20210823,237782.0,2222.0
545,20210824,239287.0,2228.0
544,20210825,241439.0,2237.0
543,20210826,243317.0,2257.0
542,20210827,245158.0,2265.0
541,20210828,246951.0,2276.0
540,20210829,248568.0,2279.0
539,20210830,250051.0,2284.0
538,20210831,251421.0,2285.0
537,20210901,253445.0,2292.0
536,20210902,255401.0,2303.0
535,20210903,257110.0,2308.0
534,20210904,258913.0,2315.0
533,20210905,260403.0,2321.0
532,20210906,261778.0,2327.0
531,20210907,263374.0,2330.0
530,20210908,265423.0,2334.0
529,20210909,267470.0,2343.0
528,20210910,269362.0,2348.0
527,20210911,271227.0,2358.0
526,20210913,274415.0,2360.0
525,20210914,275910.0,2367.0
524,20210917,281938.0,2389.0
523,20210918,284022.0,2394.0
522,20210919,285931.0,2404.0
521,20210920,287536.0,2409.0
520,20210921,289263.0,2413.0
519,20210922,290983.0,2419.0
518,20210923,292699.0,2427.0
517,20210924,295132.0,2434.0
516,20210925,298402.0,2441.0
515,20210926,301172.0,2450.0
514,20210927,303553.0,2456.0
513,20210928,305842.0,2464.0
512,20210929,308725.0,2474.0
511,20210930,311289.0,2481.0
510,20211001,313773.0,2497.0
509,20211002,316020.0,2504.0
508,20211003,318105.0,2507.0
507,20211004,319777.0,2513.0
506,20211005,321352.0,2524.0
505,20211006,323379.0,2536.0
504,20211007,325804.0,2544.0
503,20211008,327976.0,2554.0
502,20211011,332816.0,2583.0
501,20211012,334163.0,2594.0
500,20211013,335742.0,2605.0
499,20211014,337679.0,2618.0
498,20211015,339361.0,2626.0
497,20211016,340978.0,2644.0
496,20211017,342396.0,2660.0
495,20211018,343445.0,2668.0
494,20211019,344518.0,2689.0
493,20211020,346088.0,2698.0
492,20211021,347529.0,2709.0
491,20211022,348969.0,2725.0
490,20211023,350476.0,2745.0
489,20211024,351899.0,2766.0
488,20211025,353089.0,2773.0
487,20211027,356305.0,2797.0
486,20211028,358412.0,2808.0
485,20211029,360536.0,2817.0
484,20211030,362639.0,2830.0
483,20211031,364700.0,2849.0
482,20211101,366386.0,2858.0
481,20211102,367974.0,2874.0
480,20211103,370640.0,2892.0
479,20211104,373120.0,2916.0
478,20211105,375464.0,2936.0
477,20211106,377712.0,2956.0
476,20211107,379935.0,2967.0
475,20211108,381694.0,2980.0
474,20211109,383407.0,2998.0
473,20211110,385831.0,3012.0
472,20211111,388351.0,3033.0
471,20211112,390719.0,3051.0
470,20211115,397466.0,3115.0
469,20211116,399591.0,3137.0
468,20211118,406065.0,3187.0
467,20211119,409099.0,3215.0
466,20211120,412311.0,3244.0
465,20211121,415425.0,3274.0
464,20211122,418252.0,3298.0
463,20211123,420950.0,3328.0
462,20211124,425063.0,3362.0
461,20211125,429002.0,3401.0
460,20211126,432901.0,3440.0
459,20211127,436968.0,3492.0
458,20211128,440896.0,3548.0
457,20211129,444200.0,3580.0
456,20211130,447230.0,3624.0
455,20211202,457612.0,3705.0
454,20211205,473034.0,3852.0
453,20211207,482310.0,3957.0
452,20211208,489484.0,4020.0
451,20211209,496584.0,4077.0
450,20211210,503606.0,4130.0
449,20211213,523088.0,4293.0
448,20211214,528652.0,4387.0
447,20211215,536495.0,4456.0
446,20211216,544117.0,4518.0
445,20211217,551551.0,4591.0
444,20211218,558864.0,4644.0
443,20211219,565098.0,4722.0
442,20211220,570414.0,4776.0
441,20211221,575615.0,4828.0
440,20211222,583065.0,4906.0
439,20211223,589978.0,5015.0
438,20211224,596209.0,5071.0
437,20211225,602045.0,5176.0
436,20211226,607463.0,5245.0
435,20211227,611670.0,5300.0
434,20211228,615532.0,5346.0
433,20211229,620938.0,5382.0
432,20211230,625967.0,5455.0
431,20211231,630838.0,5563.0
430,20220101,635254.0,5625.0
429,20220102,639083.0,5694.0
428,20220103,642207.0,5730.0
427,20220104,645226.0,5781.0
426,20220105,649669.0,5838.0
425,20220106,653792.0,5887.0
424,20220107,657508.0,5932.0
423,20220110,667390.0,6071.0
422,20220111,670483.0,6114.0
421,20220112,674868.0,6166.0
420,20220113,679030.0,6210.0
419,20220114,683566.0,6259.0
418,20220115,687984.0,6281.0
417,20220116,692174.0,6310.0
416,20220117,696032.0,6333.0
415,20220118,700102.0,6378.0
414,20220119,705902.0,6452.0
413,20220120,712503.0,6480.0
412,20220121,719269.0,6501.0
411,20220122,726274.0,6529.0
410,20220123,733902.0,6540.0
409,20220124,741413.0,6565.0
408,20220125,749979.0,6588.0
407,20220126,762983.0,6620.0
406,20220127,777497.0,6654.0
405,20220128,793582.0,6678.0
404,20220129,811122.0,6712.0
403,20220130,828637.0,6732.0
402,20220131,845709.0,6755.0
401,20220201,864042.0,6772.0
400,20220202,884310.0,6787.0
399,20220203,907214.0,6812.0
398,20220204,934656.0,6836.0
397,20220208,1081681.0,6922.0
396,20220210,1185361.0,6963.0
395,20220212,1294205.0,7045.0
394,20220213,1350630.0,7081.0
393,20220214,1405246.0,7102.0
392,20220215,1462421.0,7163.0
391,20220216,1552851.0,7202.0
390,20220217,1645978.0,7238.0
389,20220218,1755806.0,7283.0
388,20220219,1858009.0,7354.0
387,20220221,2058184.0,7450.0
386,20220222,2157734.0,7508.0
385,20220223,2329182.0,7607.0
384,20220224,2499188.0,7689.0
383,20220225,2665077.0,7783.0
382,20220226,2831283.0,7895.0
381,20220227,2994841.0,7944.0
380,20220228,3134456.0,8058.0
379,20220303,3691488.0,8394.0
378,20220304,3958326.0,8580.0
377,20220305,4212652.0,8796.0
376,20220306,4456264.0,8957.0
375,20220307,4666977.0,9096.0
374,20220308,4869691.0,9282.0
373,20220309,5212118.0,9440.0
372,20220310,5539650.0,9646.0
371,20220311,5822626.0,9875.0
370,20220312,6206277.0,10144.0
369,20220313,6556453.0,10395.0
368,20220314,6866222.0,10595.0
367,20220315,7228550.0,10888.0
366,20220316,7629275.0,11052.0
365,20220317,8250592.0,11481.0
364,20220318,8657609.0,11782.0
363,20220319,9038938.0,12101.0
362,20220320,9373646.0,12428.0
361,20220322,9936540.0,13141.0
360,20220323,10427247.0,13432.0
359,20220325,11162232.0,14294.0
358,20220328,12003054.0,15186.0
357,20220329,12350428.0,15423.0
356,20220330,12774956.0,15855.0
355,20220331,13095631.0,16230.0
354,20220401,13375818.0,16590.0
353,20220402,13639915.0,16929.0
352,20220403,13874216.0,17235.0
351,20220404,14001406.0,17453.0
350,20220405,14267401.0,17662.0
349,20220406,14553644.0,18033.0
348,20220407,14778405.0,18381.0
347,20220408,14983694.0,18754.0
346,20220409,15169189.0,19092.0
345,20220410,15333670.0,19421.0
344,20220411,15424598.0,19679.0
343,20220412,15635274.0,19850.0
342,20220413,15830644.0,20034.0
341,20220414,15979061.0,20352.0
340,20220415,16104869.0,20616.0
339,20220416,16212751.0,20889.0
338,20220417,16305752.0,21092.0
337,20220418,16353495.0,21224.0
336,20220419,16471940.0,21354.0
335,20220420,16583220.0,21520.0
334,20220421,16674045.0,21667.0
333,20220422,16755055.0,21873.0
332,20220423,16830469.0,22024.0
331,20220424,16895194.0,22133.0
330,20220425,16929564.0,22243.0
329,20220426,17009865.0,22325.0
328,20220427,17086626.0,22466.0
327,20220428,17144065.0,22588.0
326,20220429,17194616.0,22724.0
325,20220430,17237878.0,22794.0
324,20220501,17275649.0,22875.0
323,20220502,17295733.0,22958.0
322,20220503,17346753.0,23007.0
321,20220504,17395791.0,23079.0
320,20220505,17438068.0,23158.0
319,20220506,17464782.0,23206.0
318,20220507,17504225.0,23289.0
317,20220508,17544273.0,23360.0
316,20220509,17564861.0,23400.0
315,20220510,17614757.0,23462.0
314,20220511,17658667.0,23491.0
313,20220512,17694563.0,23554.0
312,20220513,17727006.0,23606.0
311,20220514,17756583.0,23661.0
310,20220515,17782016.0,23709.0
309,20220516,17795312.0,23744.0
308,20220517,17830429.0,23771.0
307,20220518,17861744.0,23802.0
306,20220519,17889849.0,23842.0
305,20220520,17914957.0,23885.0
304,20220521,17938399.0,23911.0
303,20220522,17957697.0,23965.0
302,20220523,17967672.0,23987.0
301,20220524,17993985.0,24006.0
300,20220525,18017923.0,24029.0
299,20220526,18036720.0,24063.0
298,20220527,18053287.0,24103.0
297,20220528,18067669.0,24139.0
296,20220529,18080323.0,24158.0
295,20220530,18086462.0,24167.0
294,20220531,18103638.0,24176.0
293,20220601,18119415.0,24197.0
292,20220602,18129313.0,24212.0
291,20220603,18141835.0,24229.0
290,20220604,18153851.0,24238.0
289,20220605,18163686.0,24258.0
288,20220606,18168708.0,24279.0
287,20220607,18174880.0,24299.0
286,20220608,18188200.0,24305.0
285,20220609,18200346.0,24323.0
284,20220611,18218078.0,24351.0
283,20220612,18225460.0,24371.0
282,20220613,18229288.0,24388.0
281,20220614,18239056.0,24390.0
280,20220615,18248479.0,24399.0
279,20220616,18256457.0,24407.0
278,20220617,18263643.0,24416.0
277,20220618,18270481.0,24427.0
276,20220619,18276552.0,24441.0
275,20220621,18289373.0,24463.0
274,20220622,18298341.0,24474.0
273,20220623,18305783.0,24488.0
272,20220624,18312993.0,24498.0
271,20220625,18319773.0,24516.0
270,20220626,18326019.0,24522.0
269,20220627,18329448.0,24525.0
268,20220628,18339319.0,24530.0
267,20220629,18349756.0,24537.0
266,20220630,18359341.0,24547.0
265,20220701,18368857.0,24555.0
264,20220704,18395864.0,24574.0
263,20220705,18413997.0,24576.0
262,20220706,18433359.0,24583.0
261,20220707,18451862.0,24593.0
260,20220708,18471172.0,24605.0
259,20220709,18491435.0,24624.0
258,20220710,18511845.0,24643.0
257,20220711,18524538.0,24661.0
256,20220712,18561861.0,24668.0
255,20220713,18602109.0,24680.0
254,20220714,18641278.0,24696.0
253,20220715,18680142.0,24712.0
252,20220716,18721415.0,24728.0
251,20220717,18761757.0,24742.0
250,20220718,18788056.0,24753.0
249,20220719,18861593.0,24765.0
248,20220720,18937971.0,24777.0
247,20220721,19009080.0,24794.0
246,20220722,19077659.0,24825.0
245,20220723,19146180.0,24855.0
244,20220724,19211613.0,24873.0
243,20220725,19247496.0,24890.0
242,20220726,19346764.0,24907.0
241,20220727,19446946.0,24932.0
240,20220728,19535242.0,24957.0
239,20220729,19620517.0,24992.0
238,20220730,19702461.0,25027.0
237,20220731,19776050.0,25047.0
236,20220802,19932439.0,25084.0
235,20220803,20052305.0,25110.0
234,20220804,20160154.0,25144.0
233,20220805,20273011.0,25191.0
232,20220806,20383621.0,25236.0
231,20220807,20489128.0,25263.0
230,20220808,20544420.0,25292.0
229,20220809,20694239.0,25332.0
228,20220810,20845973.0,25382.0
227,20220811,20983169.0,25441.0
226,20220812,21111840.0,25499.0
225,20220813,21236355.0,25566.0
224,20220814,21355958.0,25623.0
223,20220815,21418036.0,25673.0
222,20220816,21502164.0,25710.0
221,20220817,21682816.0,25752.0
220,20220818,21861296.0,25813.0
219,20220819,22000037.0,25896.0
218,20220820,22129387.0,25980.0
217,20220821,22240331.0,26044.0
216,20220822,22299377.0,26109.0
215,20220823,22449475.0,26161.0
214,20220824,22588640.0,26224.0
213,20220825,22701921.0,26332.0
212,20220826,22802985.0,26413.0
211,20220827,22898523.0,26499.0
210,20220828,22983818.0,26569.0
209,20220829,23026960.0,26618.0
208,20220830,23142479.0,26689.0
207,20220831,23246398.0,26764.0
206,20220901,23327897.0,26876.0
205,20220902,23417425.0,26940.0
204,20220903,23497048.0,27014.0
203,20220904,23569192.0,27093.0
202,20220905,23606740.0,27149.0
201,20220906,23706477.0,27193.0
200,20220907,23791961.0,27249.0
199,20220908,23864560.0,27313.0
198,20220909,23933949.0,27381.0
197,20220910,23976673.0,27429.0
196,20220911,24004887.0,27476.0
195,20220912,24041825.0,27498.0
194,20220913,24099134.0,27533.0
193,20220914,24193038.0,27593.0
192,20220915,24264470.0,27665.0
191,20220916,24316302.0,27725.0
190,20220917,24359702.0,27782.0
189,20220918,24394466.0,27828.0
188,20220919,24413873.0,27867.0
187,20220920,24461737.0,27891.0
186,20220921,24502968.0,27950.0
185,20220922,24535940.0,28009.0
184,20220923,24565021.0,28077.0
183,20220927,24673663.0,28272.0
182,20220928,24709789.0,28318.0
181,20220929,24740635.0,28364.0
180,20220930,24769101.0,28406.0
179,20221004,24848184.0,28528.0
178,20221005,24882894.0,28544.0
177,20221006,24911497.0,28573.0
176,20221007,24933756.0,28614.0
175,20221008,24953135.0,28646.0
174,20221009,24970789.0,28675.0
173,20221010,24979770.0,28698.0
172,20221011,24995246.0,28708.0
171,20221012,25025749.0,28723.0
170,20221013,25052677.0,28748.0
169,20221014,25076239.0,28783.0
168,20221015,25098996.0,28808.0
167,20221016,25120465.0,28840.0
166,20221017,25131505.0,28851.0
165,20221018,25164695.0,28856.0
164,20221019,25194177.0,28899.0
163,20221021,25244255.0,28952.0
162,20221023,25297334.0,28990.0
161,20221024,25311636.0,29000.0
160,20221025,25355350.0,29017.0
159,20221026,25396155.0,29043.0
158,20221027,25431105.0,29069.0
157,20221028,25466992.0,29100.0
156,20221029,25504288.0,29131.0
155,20221030,25538799.0,29158.0
154,20221031,25557309.0,29176.0
153,20221101,25615667.0,29209.0
152,20221102,25670407.0,29239.0
151,20221103,25717277.0,29280.0
150,20221104,25760701.0,29315.0
149,20221105,25801564.0,29354.0
148,20221106,25838239.0,29372.0
147,20221107,25856910.0,29390.0
146,20221108,25919183.0,29420.0
145,20221109,25981655.0,29479.0
144,20221110,26037020.0,29531.0
143,20221111,26091539.0,29571.0
142,20221112,26145764.0,29617.0
141,20221113,26194229.0,29665.0
140,20221114,26217994.0,29709.0
139,20221115,26290877.0,29748.0
138,20221116,26357464.0,29795.0
137,20221117,26412901.0,29862.0
136,20221118,26462319.0,29925.0
135,20221119,26512754.0,29990.0
134,20221120,26558765.0,30031.0
133,20221121,26581856.0,30066.0
132,20221122,26654729.0,30111.0
131,20221123,26725053.0,30164.0
130,20221124,26784142.0,30223.0
129,20221125,26837840.0,30278.0
128,20221126,26890488.0,30330.0
127,20221127,26937516.0,30369.0
126,20221128,26959843.0,30413.0
125,20221129,27031319.0,30454.0
124,20221130,27098734.0,30506.0
123,20221201,27155813.0,30568.0
122,20221202,27208800.0,30621.0
121,20221203,27261526.0,30669.0
120,20221204,27308090.0,30729.0
119,20221205,27331250.0,30769.0
118,20221206,27408854.0,30793.0
117,20221207,27483568.0,30847.0
116,20221208,27548821.0,30908.0
115,20221209,27611555.0,30975.0
114,20221210,27674163.0,31029.0
113,20221211,27728482.0,31069.0
112,20221212,27754149.0,31099.0
111,20221213,27841001.0,31128.0
110,20221214,27925572.0,31174.0
109,20221215,27995726.0,31232.0
108,20221216,28062679.0,31298.0
107,20221217,28129431.0,31353.0
106,20221218,28188293.0,31395.0
105,20221219,28214915.0,31434.0
104,20221220,28302474.0,31490.0
103,20221221,28390646.0,31549.0
102,20221222,28466390.0,31611.0
101,20221223,28534558.0,31674.0
100,20221224,28600607.0,31744.0
99,20221225,28659055.0,31790.0
98,20221226,28684600.0,31832.0
97,20221227,28772196.0,31882.0
96,20221228,28859713.0,31951.0
95,20221229,28931140.0,32027.0
94,20221230,28996347.0,32095.0
93,20221231,29059273.0,32156.0
92,20230101,29116800.0,32219.0
91,20230102,29139535.0,32272.0
90,20230103,29220591.0,32301.0
89,20230104,29299166.0,32355.0
88,20230105,29363272.0,32421.0
87,20230106,29420226.0,32496.0
86,20230107,29473834.0,32556.0
85,20230108,29520600.0,32590.0
84,20230109,29539706.0,32625.0
83,20230110,29599747.0,32669.0
82,20230111,29654090.0,32745.0
81,20230112,29698043.0,32821.0
80,20230113,29737769.0,32867.0
79,20230114,29774321.0,32912.0
78,20230115,29806891.0,32949.0
77,20230116,29821035.0,32984.0
76,20230117,29861234.0,33014.0
75,20230118,29898142.0,33057.0
74,20230120,29955366.0,33134.0
73,20230121,29982905.0,33185.0
72,20230122,29999529.0,33209.0
71,20230123,30008756.0,33235.0
70,20230124,30021018.0,33245.0
69,20230125,30040556.0,33270.0
68,20230126,30075652.0,33296.0
67,20230127,30107363.0,33332.0
66,20230128,30130730.0,33361.0
65,20230129,30149601.0,33390.0
64,20230130,30157017.0,33420.0
63,20230131,30176646.0,33444.0
62,20230201,30197066.0,33486.0
61,20230202,30213928.0,33522.0
60,20230203,30228889.0,33552.0
59,20230204,30243393.0,33574.0
58,20230205,30257411.0,33596.0
57,20230206,30263261.0,33614.0
56,20230207,30279381.0,33624.0
55,20230208,30297315.0,33646.0
54,20230209,30311979.0,33680.0
53,20230210,30325483.0,33697.0
52,20230211,30338148.0,33713.0
51,20230212,30350199.0,33736.0
50,20230213,30355373.0,33747.0
49,20230214,30369744.0,33758.0
48,20230215,30384701.0,33782.0
47,20230217,30408656.0,33832.0
46,20230219,30429571.0,33856.0
45,20230221,30445775.0,33873.0
44,20230223,30469702.0,33909.0
43,20230225,30489666.0,33940.0
42,20230227,30502904.0,33961.0
41,20230228,30513721.0,33977.0
40,20230301,30526012.0,33988.0
39,20230302,30533573.0,34003.0
38,20230303,30543981.0,34014.0
37,20230304,30555102.0,34020.0
36,20230306,30569215.0,34034.0
35,20230308,30594297.0,34061.0
34,20230309,30605187.0,34081.0
33,20230310,30615522.0,34093.0
32,20230311,30625389.0,34096.0
31,20230313,30638929.0,34115.0
30,20230314,30650330.0,34121.0
29,20230315,30662229.0,34131.0
28,20230317,30681228.0,34155.0
27,20230318,30690223.0,34159.0
26,20230320,30702960.0,34171.0
25,20230321,30714976.0,34178.0
24,20230322,30728057.0,34187.0
23,20230323,30739457.0,34201.0
22,20230324,30749740.0,34211.0
21,20230325,30759895.0,34217.0
20,20230327,30773460.0,34223.0
19,20230328,30785589.0,34231.0
18,20230329,30798723.0,34245.0
17,20230330,30809762.0,34255.0
16,20230331,30820130.0,34265.0
15,20230401,30829827.0,34270.0
14,20230403,30843900.0,34281.0
13,20230404,30857275.0,34289.0
12,20230405,30871740.0,34296.0
11,20230407,30894559.0,34318.0
10,20230408,30904502.0,34322.0
9,20230410,30918060.0,34332.0
8,20230411,30930504.0,34342.0
7,20230412,30944430.0,34356.0
6,20230413,30956026.0,34361.0
5,20230414,30967692.0,34366.0
4,20230415,30978954.0,34368.0
3,20230417,30994088.0,34376.0
2,20230418,31009261.0,34386.0
1,20230419,31025769.0,34392.0
0,20230420,31039863.0,34401.0
